bond_id,atom1_id,atom2_id,type
0,a,aev,3
1,c,QE,1
2,c,aCe,1
3,d,afy,1
4,e,aup,7
5,f,XP,1
6,g,aHh,1
7,g,avZ,1
8,i,amR,7
9,i,aLs,7
10,l,aIa,7
11,m,ZC,7
12,n,aqu,7
13,n,aKZ,1
14,o,aFk,7
15,q,tI,1
16,q,uV,1
17,r,abQ,7
18,s,afA,1
19,t,GJ,1
20,t,aAC,3
21,v,akM,1
22,w,aKZ,1
23,w,TU,1
24,x,aON,1
25,y,Xq,1
26,z,aKP,1
27,z,akN,1
28,A,aNh,7
29,A,N,7
30,A,aeA,1
31,B,Ia,7
32,C,Uu,7
33,D,ej,1
34,F,LU,7
35,G,amZ,1
36,G,Um,1
37,H,ZS,1
38,I,tR,1
39,J,co,1
40,J,OO,3
41,J,aoH,1
42,K,aeo,1
43,K,Vb,7
44,L,Xj,1
45,M,als,1
46,N,qY,1
47,O,atZ,7
48,O,alh,7
49,O,vA,1
50,P,aGb,7
51,Q,iF,7
52,Q,nT,7
53,S,DS,1
54,T,aME,1
55,U,Bu,1
56,V,aCA,1
57,W,akF,1
58,X,Ql,7
59,Y,NZ,1
60,Y,auT,7
61,Z,aEK,7
62,aa,Bt,3
63,ab,hS,1
64,ac,HX,1
65,ae,jL,2
66,af,apj,1
67,ag,ads,1
68,ah,ed,3
69,ah,abU,2
70,ah,yK,1
71,ai,ic,1
72,ai,Px,1
73,aj,aNn,1
74,al,aCh,1
75,al,apc,1
76,am,ael,7
77,ap,aAv,1
78,ar,aeM,1
79,as,lh,2
80,at,aNr,1
81,at,LR,7
82,av,awT,7
83,ax,ajN,1
84,ax,aJw,1
85,az,gP,1
86,aA,PK,7
87,aB,CQ,7
88,aB,tV,1
89,aD,dP,1
90,aE,arD,1
91,aE,LQ,1
92,aG,HS,1
93,aJ,aeY,2
94,aJ,iK,7
95,aL,aJI,7
96,aM,CC,1
97,aM,Ok,1
98,aN,ou,1
99,aN,aaG,1
100,aO,aIi,1
101,aO,Aa,1
102,aP,J,7
103,aR,ml,1
104,aS,Yv,7
105,aS,IX,7
106,aV,aJF,7
107,aV,aoW,7
108,aW,avp,1
109,aW,ms,7
110,aX,aht,1
111,aY,aEf,1
112,aZ,WR,1
113,ba,abV,1
114,ba,aGj,7
115,bb,auo,1
116,bb,Wx,1
117,bc,aui,7
118,bc,ZS,1
119,bd,aef,7
120,be,Ol,1
121,bf,aMU,7
122,bf,pb,7
123,bf,ML,7
124,bg,aDs,7
125,bh,YZ,7
126,bi,aCE,1
127,bj,YS,1
128,bj,XL,1
129,bj,afa,1
130,bk,Nt,1
131,bl,Tx,1
132,bm,aux,1
133,bn,Rk,1
134,bn,MC,1
135,bo,uZ,1
136,bo,pP,2
137,bo,MZ,3
138,bp,Fm,1
139,bp,gD,1
140,bq,xR,1
141,bq,awG,1
142,bs,D,1
143,bt,Yz,7
144,bu,hx,1
145,bu,akg,1
146,bv,afz,1
147,bv,yw,1
148,bw,na,1
149,bw,aBE,1
150,bx,aJM,1
151,bz,axE,7
152,bB,hY,7
153,bB,cB,7
154,bC,nu,1
155,bC,o,3
156,bC,HM,7
157,bE,aBw,1
158,bE,kI,2
159,bE,ayM,2
160,bF,iD,1
161,bG,acw,1
162,bH,aiP,1
163,bH,Tk,1
164,bH,avG,1
165,bI,dU,1
166,bJ,agP,1
167,bJ,aoI,1
168,bJ,IT,1
169,bK,OQ,1
170,bM,asf,7
171,bN,NG,1
172,bN,ajj,1
173,bO,Qa,7
174,bO,acC,7
175,bP,aGZ,1
176,bR,vg,1
177,bR,RG,7
178,bT,Am,1
179,bT,aNA,7
180,bU,fV,1
181,bV,abz,1
182,bW,RA,7
183,bX,aGF,1
184,bY,aKa,1
185,bZ,if,1
186,bZ,Br,1
187,ca,ri,3
188,ca,aAb,3
189,ca,GK,3
190,cd,dT,7
191,ce,dc,1
192,ce,Zk,1
193,cf,afZ,1
194,cf,Es,1
195,cf,e,1
196,cf,tT,1
197,ch,arY,1
198,ci,aGD,1
199,cj,Wt,1
200,cj,asG,1
201,ck,lx,1
202,cl,aDz,2
203,cl,JI,2
204,cl,abH,1
205,cm,aHI,7
206,cn,XU,1
207,co,DS,1
208,co,XJ,1
209,cr,lX,1
210,cs,gY,7
211,cs,afO,1
212,ct,BF,7
213,cu,arO,1
214,cw,abf,1
215,cy,aKi,7
216,cy,agb,1
217,cz,anj,1
218,cA,adG,1
219,cA,zE,1
220,cA,FR,3
221,cC,aze,1
222,cC,CF,1
223,cD,aoO,1
224,cE,azH,1
225,cF,EV,1
226,cF,vJ,1
227,cH,ajO,1
228,cH,aey,1
229,cH,jO,2
230,cI,axE,7
231,cJ,aGC,1
232,cL,mV,1
233,cM,ace,1
234,cN,tk,1
235,cN,pt,2
236,cO,Yj,7
237,cO,aDi,1
238,cP,ZG,7
239,cQ,qt,7
240,cR,XC,2
241,cS,W,1
242,cT,Ap,1
243,cU,ami,1
244,cV,qo,2
245,cV,acN,2
246,cW,aLR,7
247,cY,arB,1
248,cY,Hj,1
249,cZ,Fo,2
250,db,arB,7
251,dc,hg,1
252,dd,mc,3
253,dd,avG,2
254,de,aDP,1
255,dg,atd,1
256,dg,U,1
257,dh,aqO,7
258,dh,ajn,1
259,dh,sO,1
260,di,nE,1
261,di,aoE,1
262,di,cT,3
263,dj,fl,1
264,dl,eO,3
265,dl,Uu,1
266,dl,hq,2
267,dl,aOh,2
268,dn,MC,1
269,dn,GJ,1
270,dn,qb,1
271,do,ZC,7
272,dp,wV,7
273,dq,Dl,1
274,dq,hj,1
275,dr,aK,1
276,ds,Zz,3
277,ds,anG,1
278,dt,aly,7
279,dt,amy,1
280,du,aLs,7
281,dv,cb,1
282,dw,aes,7
283,dw,Nt,1
284,dx,BK,1
285,dy,vv,1
286,dy,aoJ,1
287,dA,dz,1
288,dB,ayC,1
289,dB,ayS,1
290,dB,ik,1
291,dC,arj,1
292,dD,OP,1
293,dF,apV,7
294,dF,aaf,1
295,dG,DJ,1
296,dG,Mf,3
297,dI,aLf,7
298,dJ,yJ,1
299,dK,IR,1
300,dK,WX,1
301,dM,xw,1
302,dN,ZC,7
303,dO,aOn,1
304,dQ,kL,1
305,dS,yM,1
306,dT,aJA,1
307,dT,jS,1
308,dU,Vu,1
309,dV,yy,7
310,dV,jJ,7
311,dW,iL,1
312,dW,aKW,1
313,ea,are,7
314,eb,aDL,7
315,ec,aEH,1
316,ef,ahV,2
317,ef,Xp,2
318,eg,pc,2
319,eg,WD,2
320,ei,Gz,1
321,ei,Sx,1
322,el,aIw,1
323,el,RN,7
324,el,iG,1
325,em,kW,7
326,em,alE,7
327,en,aaT,2
328,en,aFi,3
329,en,JT,1
330,eo,Wx,7
331,eo,LS,7
332,ep,mz,7
333,ep,ahx,7
334,es,nQ,1
335,es,ajK,7
336,et,cL,1
337,et,Vt,7
338,eu,HW,1
339,eu,Ut,1
340,ev,mD,1
341,ew,wS,3
342,ew,ahS,1
343,eA,aoz,1
344,eA,Vg,7
345,eC,Th,1
346,eC,un,1
347,eC,aFl,1
348,eD,Q,7
349,eE,JV,1
350,eF,aEk,7
351,eG,lg,7
352,eI,aEO,1
353,eJ,avH,1
354,eJ,Jz,7
355,eK,Ev,7
356,eK,SV,1
357,eL,aHG,1
358,eM,alo,7
359,eN,ht,7
360,eO,aiG,7
361,eP,bv,7
362,eQ,yo,1
363,eQ,aCZ,1
364,eQ,dn,1
365,eR,Hn,2
366,eS,jX,1
367,eS,Vk,7
368,eT,VJ,1
369,eV,aad,1
370,eX,uY,1
371,eY,aIR,1
372,eZ,Rn,7
373,fd,aap,1
374,fd,atY,1
375,fd,oH,1
376,fe,amC,1
377,fh,DY,7
378,fi,dq,7
379,fk,aMN,7
380,fl,anw,7
381,fl,Yd,1
382,fn,IQ,7
383,fo,tq,7
384,fo,rE,1
385,fq,aKh,1
386,fr,dN,1
387,fs,ajC,7
388,fs,Qk,7
389,fu,air,1
390,fv,fI,1
391,fv,aGF,1
392,fw,IH,1
393,fw,bv,7
394,fy,Ow,7
395,fz,dk,2
396,fz,qr,3
397,fA,pw,1
398,fB,aIt,1
399,fC,aNm,3
400,fD,Ck,1
401,fD,ky,2
402,fE,aHE,7
403,fE,apH,1
404,fF,WX,7
405,fG,wE,1
406,fH,asg,1
407,fH,anX,1
408,fJ,fl,1
409,fL,ayT,7
410,fL,vf,7
411,fM,ML,1
412,fM,ava,1
413,fP,arO,7
414,fP,ft,1
415,fQ,Ih,1
416,fR,pW,7
417,fS,aeq,1
418,fU,zK,1
419,fU,uv,1
420,fV,Uu,1
421,fW,dI,7
422,fX,wL,1
423,fX,XI,1
424,fZ,YM,7
425,ga,GX,2
426,gb,akT,3
427,gb,avT,1
428,gd,GS,1
429,ge,Nj,7
430,ge,bl,1
431,gf,aad,1
432,gg,oR,7
433,gh,bA,7
434,gi,gy,3
435,gi,aNI,1
436,gj,yr,1
437,gj,jP,1
438,gk,aLX,1
439,gk,aMm,1
440,gk,cK,1
441,gl,aBl,7
442,gm,aeZ,7
443,go,EA,1
444,gq,ik,1
445,gq,dU,1
446,gr,rZ,7
447,gw,Ci,1
448,gw,nj,1
449,gx,bo,7
450,gy,YD,1
451,gy,amS,1
452,gz,Rh,1
453,gB,ajj,1
454,gC,er,1
455,gC,avG,1
456,gD,akL,1
457,gE,amg,7
458,gE,hO,7
459,gF,DD,1
460,gF,vc,1
461,gF,Dp,7
462,gH,ky,1
463,gI,PA,1
464,gI,It,1
465,gL,akh,3
466,gL,gl,2
467,gM,WP,1
468,gM,Vf,1
469,gN,eP,1
470,gP,Rt,1
471,gQ,nB,1
472,gR,CP,1
473,gT,acD,7
474,gT,aMh,7
475,gV,agB,7
476,gV,adM,7
477,gW,aMK,1
478,gX,KT,1
479,gY,Kk,1
480,gY,uX,1
481,gZ,Sj,1
482,hb,aJQ,1
483,hb,pF,1
484,hc,Vy,7
485,hd,aNt,3
486,hf,aOn,1
487,hg,Cy,1
488,hg,aHy,1
489,hh,anx,7
490,hi,yW,1
491,hj,abq,1
492,hj,aeQ,1
493,hk,aIp,1
494,hk,aHG,1
495,hl,yD,1
496,hl,apI,7
497,hm,aod,1
498,hm,Sd,7
499,hm,auC,1
500,hm,arq,7
501,hn,Iu,7
502,ho,agK,7
503,ho,yJ,1
504,hr,Pa,7
505,ht,sL,1
506,ht,ajc,1
507,hu,ait,7
508,hu,Bk,7
509,hv,aDY,7
510,hz,DJ,1
511,hA,aqg,7
512,hB,Ix,7
513,hB,aIt,7
514,hC,iy,1
515,hC,NO,7
516,hC,bl,1
517,hD,hx,1
518,hE,aMU,7
519,hF,aeO,7
520,hG,jF,1
521,hG,Qx,1
522,hH,ey,1
523,hI,apm,1
524,hJ,aer,1
525,hK,yw,1
526,hK,IL,7
527,hN,bc,7
528,hO,aiL,1
529,hQ,jP,1
530,hR,aGP,1
531,hR,aMw,1
532,hS,Px,1
533,hT,gh,1
534,hT,FY,1
535,hU,MD,1
536,hU,nb,7
537,hW,aaU,1
538,hX,dt,1
539,hY,ie,1
540,hY,aIS,1
541,hZ,aCz,7
542,ia,aMH,1
543,ia,ut,1
544,ib,bv,7
545,ib,As,1
546,ie,aaZ,1
547,ie,jI,1
548,if,acc,1
549,ih,sb,1
550,ii,ana,2
551,ii,aCK,1
552,im,abJ,7
553,io,gO,1
554,io,aim,1
555,ip,EF,1
556,iq,lg,7
557,ir,QF,7
558,ir,anx,7
559,is,tX,1
560,it,aDJ,7
561,iu,oz,1
562,iv,aeu,1
563,iv,aBC,1
564,iv,CY,1
565,iv,xy,1
566,iw,WZ,1
567,ix,abU,3
568,ix,Gg,1
569,iy,aes,7
570,iy,atI,7
571,iz,sI,1
572,iA,aCz,1
573,iD,Ca,7
574,iD,qX,1
575,iE,aIV,7
576,iF,aKN,1
577,iF,td,1
578,iH,aNK,1
579,iI,EV,1
580,iI,Eb,1
581,iI,Yg,1
582,iJ,dD,1
583,iJ,iY,1
584,iK,acU,3
585,iK,lx,1
586,iL,Mz,7
587,iM,nT,7
588,iN,kY,1
589,iN,wB,1
590,iQ,BG,1
591,iQ,aNI,1
592,iR,aif,1
593,iR,azv,1
594,iS,AV,7
595,iT,aaG,1
596,iT,mG,1
597,iV,aoL,7
598,iW,aMG,1
599,iX,VO,1
600,iX,aiO,7
601,iZ,dN,1
602,iZ,adC,1
603,iZ,Jx,1
604,jc,abc,1
605,jd,aMy,7
606,jf,ari,1
607,jf,ib,1
608,jg,uw,7
609,jh,Di,1
610,jh,qt,7
611,ji,KB,1
612,jj,Ml,3
613,jj,GX,2
614,jj,mk,1
615,jk,aJW,1
616,jl,zh,1
617,jm,yr,1
618,jm,Qq,7
619,jn,Ve,1
620,jn,aeP,2
621,jp,LP,7
622,jq,fO,1
623,jq,Qg,7
624,jr,afi,7
625,js,iU,1
626,js,aen,1
627,ju,eC,1
628,jv,avM,1
629,jv,bw,7
630,jw,Bt,3
631,jx,aww,1
632,jy,Yc,1
633,jy,ahM,1
634,jz,asG,2
635,jA,LP,1
636,jC,zo,1
637,jD,aNw,1
638,jE,anL,1
639,jF,xE,1
640,jF,axJ,1
641,jG,mC,7
642,jH,aLP,1
643,jH,aBj,7
644,jJ,amH,1
645,jJ,ano,3
646,jJ,wz,1
647,jL,avF,7
648,jL,ee,1
649,jL,aNy,1
650,jM,nA,1
651,jM,AO,1
652,jO,DQ,1
653,jR,aHD,1
654,jR,aFl,1
655,jT,aDH,1
656,jT,oB,1
657,jU,aiy,7
658,jV,aip,1
659,jV,ati,2
660,jV,arz,1
661,jW,aas,1
662,jX,aiv,1
663,jY,qZ,2
664,jY,BB,7
665,jZ,akh,3
666,jZ,azy,1
667,jZ,atK,2
668,jZ,agx,2
669,ka,afL,1
670,kb,aqg,1
671,kb,mM,1
672,kf,ef,1
673,kf,anA,1
674,kh,fn,1
675,ki,dM,1
676,kl,aAw,7
677,kl,GS,1
678,kn,aeL,1
679,kn,azr,3
680,ko,aaV,1
681,ko,Hz,1
682,ko,OB,1
683,kp,amW,7
684,kq,aaU,1
685,kr,cx,1
686,ku,Tp,1
687,kv,Lp,1
688,kv,Hv,1
689,kw,PT,1
690,kw,Gk,7
691,kw,YH,1
692,kx,aiE,1
693,ky,aHY,1
694,ky,EV,1
695,kz,qt,7
696,kA,aKq,7
697,kA,aGb,7
698,kB,Zd,1
699,kC,RU,1
700,kC,MD,1
701,kE,aBw,1
702,kE,Db,7
703,kF,aAD,7
704,kH,VX,1
705,kH,gG,1
706,kI,oZ,7
707,kJ,aFp,7
708,kL,lx,1
709,kL,lf,7
710,kM,akS,1
711,kN,adX,1
712,kP,FE,1
713,kP,zo,2
714,kQ,yW,1
715,kS,Eg,2
716,kS,ad,1
717,kT,wY,1
718,kU,jV,1
719,kW,aKN,1
720,kX,aGk,1
721,kY,Ih,1
722,kZ,DG,1
723,lc,GW,1
724,lc,sn,7
725,ld,ia,1
726,lf,yP,1
727,lg,ML,1
728,lg,aDk,2
729,li,xT,1
730,li,vm,1
731,lj,Ld,7
732,lk,rp,1
733,ll,aCf,7
734,lm,Ug,1
735,ln,aNJ,1
736,lo,atG,1
737,lq,vx,1
738,lt,sW,1
739,lt,aGs,1
740,lw,aqb,1
741,lw,JB,3
742,lx,QK,1
743,lB,aoC,1
744,lB,rY,1
745,lC,ZR,1
746,lC,sI,1
747,lC,aag,7
748,lE,w,1
749,lE,Mw,1
750,lI,aOB,7
751,lI,aJg,7
752,lK,aky,1
753,lK,QR,1
754,lL,akC,1
755,lL,wL,3
756,lM,avd,7
757,lM,avB,1
758,lN,abJ,1
759,lN,qN,1
760,lO,aNm,1
761,lO,Mm,1
762,lP,Ux,1
763,lP,ayc,7
764,lP,Ey,7
765,lR,acS,7
766,lT,Qt,7
767,lU,amt,1
768,lV,axa,1
769,lY,Br,2
770,lY,Wd,3
771,ma,Dx,7
772,mb,YG,1
773,mb,Yt,1
774,mc,vl,1
775,md,DZ,7
776,md,Ao,7
777,md,cz,2
778,me,aoJ,1
779,me,nq,7
780,mf,uE,1
781,mf,abD,1
782,mj,LH,7
783,ml,aBI,2
784,ml,SQ,1
785,mm,adF,1
786,mm,uc,1
787,mm,aNJ,1
788,mp,age,7
789,mr,BV,7
790,ms,tb,1
791,mt,hR,1
792,mu,auB,1
793,mw,et,2
794,mw,XV,1
795,mx,axm,7
796,mz,aCg,1
797,mz,ZR,1
798,mB,aco,1
799,mB,apv,1
800,mC,lf,7
801,mC,Qh,1
802,mD,asv,1
803,mE,Az,1
804,mG,amr,1
805,mH,FS,7
806,mH,afF,1
807,mI,aGC,1
808,mJ,fc,1
809,mK,aqf,1
810,mK,awh,1
811,mM,axU,1
812,mT,aqs,1
813,mU,xc,1
814,mV,AH,1
815,mW,axb,7
816,mW,G,7
817,mX,Us,1
818,mX,ya,7
819,mY,aMt,1
820,mY,uW,1
821,mZ,arJ,1
822,na,aN,1
823,nb,PJ,1
824,nb,VM,1
825,nc,ant,1
826,nc,oU,1
827,ne,RY,1
828,ne,aHa,7
829,nf,agl,7
830,nf,aBf,1
831,nh,id,1
832,nh,ic,7
833,nj,bH,7
834,nj,Cg,7
835,nk,aLs,7
836,no,aKY,7
837,no,aLw,1
838,np,nj,1
839,nq,awK,7
840,nq,amg,7
841,ns,ahF,1
842,nt,Gk,7
843,nv,XM,1
844,nw,nN,1
845,nx,ake,1
846,ny,Wx,7
847,ny,aBv,7
848,nz,zo,1
849,nz,aan,7
850,nA,agW,1
851,nA,oN,1
852,nE,axb,7
853,nE,arL,1
854,nG,ajR,1
855,nG,ase,3
856,nH,agM,1
857,nJ,abm,3
858,nJ,asW,3
859,nJ,eW,7
860,nK,hy,1
861,nL,tV,2
862,nO,Zi,1
863,nO,xp,7
864,nO,sF,1
865,nQ,kk,1
866,nR,ML,7
867,nS,Je,7
868,nV,rt,7
869,nW,kU,1
870,nW,aqm,1
871,nX,aIS,1
872,nZ,aAe,1
873,nZ,ot,7
874,nZ,aer,7
875,oa,axI,7
876,ob,awr,7
877,ob,Ac,7
878,od,xq,1
879,og,Qa,7
880,oh,kq,2
881,oh,aCp,7
882,oh,hx,1
883,oi,aoA,1
884,oi,Ph,1
885,oj,ajs,7
886,oj,jj,7
887,ok,Jf,1
888,ol,gx,7
889,oo,bn,7
890,op,dJ,1
891,or,Sc,2
892,ot,Gn,1
893,ot,pD,1
894,ot,ho,1
895,ou,or,1
896,ov,aqO,7
897,ox,wH,3
898,oy,mY,1
899,oA,aMk,3
900,oB,AG,1
901,oB,md,7
902,oC,Xo,7
903,oD,Yw,1
904,oD,sT,7
905,oD,aNG,1
906,oE,ayI,1
907,oE,ua,1
908,oE,HY,1
909,oF,Lu,1
910,oF,SE,7
911,oH,azJ,7
912,oI,aor,1
913,oJ,qb,2
914,oJ,fB,1
915,oK,zc,1
916,oL,aEA,7
917,oM,aFx,7
918,oP,aoR,1
919,oP,hw,1
920,oQ,hZ,1
921,oQ,amp,1
922,oS,eQ,7
923,oV,mQ,1
924,oW,ahS,1
925,oX,fR,1
926,oX,auu,1
927,oY,bW,1
928,oY,AV,1
929,oY,Od,1
930,oZ,VN,1
931,oZ,alN,7
932,pa,SQ,1
933,pa,p,1
934,pa,awU,1
935,pa,tY,1
936,pb,zC,1
937,pb,vK,1
938,pd,akc,1
939,pe,aGQ,1
940,pe,aLl,2
941,pg,aJh,1
942,ph,Iw,7
943,ph,IK,7
944,pj,De,1
945,pj,acT,1
946,pl,dC,1
947,pl,aMN,1
948,pn,Xa,1
949,po,abT,1
950,pq,abv,1
951,pq,ui,1
952,pq,ahS,1
953,pr,E,1
954,ps,aww,1
955,ps,Oy,1
956,pt,Qq,7
957,pu,mk,7
958,pv,aGN,2
959,pv,amA,1
960,pv,jY,2
961,pw,xr,1
962,pw,lh,2
963,px,aJb,1
964,pz,EI,1
965,pA,aod,1
966,pA,aCF,1
967,pB,CL,1
968,pB,wc,1
969,pC,FI,1
970,pC,aFl,1
971,pC,RE,1
972,pF,Ud,1
973,pF,aiU,1
974,pG,amK,1
975,pG,aCC,1
976,pG,qr,1
977,pI,ahr,1
978,pI,qd,2
979,pJ,bk,2
980,pJ,adh,2
981,pK,up,1
982,pL,azN,7
983,pN,aEW,7
984,pN,rZ,7
985,pO,TV,1
986,pP,aHf,7
987,pS,sc,1
988,pT,aKd,1
989,pU,Lt,2
990,pU,BG,1
991,pW,aff,2
992,pX,aLg,1
993,pY,FI,1
994,qa,bX,7
995,qc,km,7
996,qd,aDv,7
997,qe,vU,7
998,qf,vn,1
999,qf,Pv,7
1000,qg,afO,1
1001,qg,OH,1
1002,qh,Uk,1
1003,qh,aEt,7
1004,qk,aFw,1
1005,qk,aoZ,1
1006,ql,ajE,7
1007,ql,ava,1
1008,qm,aBl,7
1009,qn,nG,7
1010,qo,aFT,7
1011,qp,axO,7
1012,qs,ll,1
1013,qt,wI,7
1014,qt,aeO,7
1015,qu,NM,7
1016,qu,Qf,7
1017,qv,aui,7
1018,qy,I,1
1019,qz,aKn,1
1020,qA,ZG,7
1021,qA,aJI,1
1022,qC,MC,1
1023,qD,yM,1
1024,qE,ajZ,1
1025,qF,pI,2
1026,qF,tM,1
1027,qG,CM,1
1028,qH,aNs,1
1029,qH,yX,1
1030,qI,MF,1
1031,qI,DQ,2
1032,qI,alL,1
1033,qJ,aCc,1
1034,qJ,aej,1
1035,qK,agV,7
1036,qN,UP,1
1037,qO,Ix,7
1038,qP,KB,1
1039,qP,aw,1
1040,qS,qx,1
1041,qS,cj,2
1042,qS,Jm,3
1043,qT,QD,1
1044,qT,aIU,1
1045,qU,FF,7
1046,qW,Jr,2
1047,qY,zL,1
1048,qY,avU,1
1049,ra,pg,1
1050,ra,arP,1
1051,rb,pu,1
1052,rd,jh,7
1053,rf,apJ,1
1054,rf,eg,3
1055,rh,aqQ,1
1056,ri,EF,1
1057,rk,kz,2
1058,rk,abC,1
1059,rk,aeY,1
1060,rl,RV,7
1061,rm,kl,7
1062,rm,bw,7
1063,ro,nX,1
1064,ro,ahF,1
1065,rr,aDz,1
1066,rr,anW,2
1067,rs,aJT,1
1068,rt,ahb,2
1069,ru,vD,1
1070,ru,abn,1
1071,rv,axJ,1
1072,rw,ro,1
1073,rx,ana,1
1074,ry,Dn,1
1075,rz,avk,1
1076,rz,adn,1
1077,rA,aNP,1
1078,rB,bi,7
1079,rD,aIh,7
1080,rD,avJ,1
1081,rG,IY,1
1082,rH,Gt,1
1083,rJ,adh,1
1084,rJ,JK,7
1085,rM,XL,7
1086,rN,xT,1
1087,rN,bl,1
1088,rN,ajw,1
1089,rQ,oy,7
1090,rQ,OK,1
1091,rQ,bD,1
1092,rQ,SC,1
1093,rR,Jh,7
1094,rS,azc,7
1095,rU,Jg,7
1096,rU,Fr,7
1097,rV,aNN,1
1098,rX,vv,1
1099,rX,sn,7
1100,rY,azp,1
1101,rY,CL,1
1102,rY,XY,1
1103,rZ,PT,1
1104,rZ,KC,1
1105,sa,ahr,1
1106,sa,qi,7
1107,sb,aBC,1
1108,sd,Ke,2
1109,sd,e,1
1110,sd,aIz,2
1111,se,aty,1
1112,se,atn,1
1113,sg,aOc,7
1114,sh,KO,1
1115,sj,mS,1
1116,sj,aBx,1
1117,sk,WY,1
1118,sn,alr,1
1119,sp,nw,7
1120,sq,aMb,1
1121,sq,Hv,1
1122,st,aas,7
1123,sv,aJP,1
1124,sw,cQ,1
1125,sw,Yr,1
1126,sx,axl,1
1127,sy,OG,1
1128,sy,aMB,1
1129,sz,Oc,1
1130,sB,PB,3
1131,sB,awP,3
1132,sB,EQ,1
1133,sC,KM,7
1134,sC,nm,2
1135,sD,ae,1
1136,sD,bR,1
1137,sE,EQ,1
1138,sF,gX,1
1139,sG,axA,7
1140,sI,Oz,1
1141,sJ,ox,1
1142,sJ,Ft,7
1143,sK,sf,1
1144,sL,aeY,2
1145,sL,jh,7
1146,sN,He,1
1147,sN,apj,1
1148,sO,Xa,1
1149,sO,xM,1
1150,sQ,aIc,1
1151,sQ,NP,1
1152,sQ,sr,1
1153,sR,aJG,1
1154,sR,aKm,1
1155,sR,uI,1
1156,sS,aHS,1
1157,sT,ayO,1
1158,sT,anY,1
1159,sU,Lf,1
1160,sU,aHx,1
1161,sV,kc,1
1162,sV,aGJ,1
1163,sX,apr,1
1164,sX,LU,7
1165,sY,akl,7
1166,sY,aW,7
1167,sZ,ayZ,1
1168,sZ,Qh,1
1169,ta,aDZ,1
1170,ta,GC,1
1171,tb,dH,2
1172,tb,wP,1
1173,tb,aAW,1
1174,tc,axU,1
1175,tc,Gk,7
1176,td,kV,1
1177,td,azX,1
1178,te,aNI,1
1179,tf,eH,1
1180,tg,dt,1
1181,th,ni,1
1182,th,Kd,7
1183,ti,aEs,1
1184,ti,zZ,1
1185,tj,atb,7
1186,tl,act,1
1187,tl,av,1
1188,tm,Ju,7
1189,tm,azq,1
1190,tn,es,7
1191,tn,ug,7
1192,to,aAh,1
1193,tp,BK,1
1194,tq,VD,7
1195,ts,aNd,1
1196,ts,agl,7
1197,tt,GS,1
1198,tv,WP,1
1199,tv,sv,1
1200,tw,azu,1
1201,tw,rw,1
1202,ty,aEb,1
1203,tA,WP,1
1204,tA,aCr,1
1205,tA,aAs,1
1206,tB,aoF,1
1207,tB,Cc,1
1208,tC,aEU,2
1209,tC,azu,3
1210,tC,RH,1
1211,tD,PT,1
1212,tD,HW,1
1213,tE,SG,1
1214,tF,aKk,1
1215,tH,qw,1
1216,tH,awi,1
1217,tJ,aCD,7
1218,tM,aFc,1
1219,tN,aek,7
1220,tN,awp,1
1221,tO,dv,7
1222,tO,nt,7
1223,tP,sW,1
1224,tQ,fG,7
1225,tQ,EB,1
1226,tR,ald,1
1227,tS,yO,1
1228,tT,OC,1
1229,tV,aEK,1
1230,tW,Xy,1
1231,tX,Qh,1
1232,tX,aoP,1
1233,tY,tF,1
1234,tZ,Mv,7
1235,tZ,aaV,1
1236,tZ,Y,1
1237,ua,TS,1
1238,uc,aHk,1
1239,uc,Ww,1
1240,ue,avG,1
1241,uf,VZ,1
1242,ug,vp,1
1243,ui,aHy,7
1244,uj,aLq,7
1245,uj,ia,1
1246,uj,LP,1
1247,uk,amN,7
1248,ul,oK,1
1249,ul,PR,7
1250,um,Cs,7
1251,uo,abP,7
1252,uo,abV,1
1253,ur,arR,7
1254,us,azw,1
1255,ut,YF,1
1256,ut,Pd,7
1257,uu,aiz,7
1258,uu,aqT,7
1259,uv,auj,1
1260,uv,Ww,1
1261,uw,pS,7
1262,uw,iM,1
1263,uy,qn,1
1264,uz,aoW,7
1265,uz,Ml,3
1266,uA,aIb,1
1267,uC,FJ,1
1268,uD,aKI,7
1269,uE,apW,1
1270,uF,Ls,7
1271,uG,bK,1
1272,uG,atE,7
1273,uG,acy,7
1274,uH,aet,7
1275,uI,aEa,1
1276,uJ,aLq,7
1277,uK,adj,1
1278,uK,FI,1
1279,uN,Tk,1
1280,uN,pZ,1
1281,uQ,IL,7
1282,uQ,wb,7
1283,uS,acp,1
1284,uS,NX,7
1285,uT,pk,1
1286,uT,ahS,1
1287,uV,aBx,2
1288,uV,Jl,1
1289,uV,ast,1
1290,uX,Qf,7
1291,uX,Pi,7
1292,uX,kr,7
1293,uY,By,1
1294,uY,hA,7
1295,va,fQ,1
1296,va,azH,1
1297,va,ajW,1
1298,vb,agx,1
1299,vc,anT,1
1300,vd,Yg,1
1301,vd,FE,1
1302,vd,aMO,1
1303,ve,vv,1
1304,ve,FU,1
1305,vf,aeO,7
1306,vg,aKv,7
1307,vg,rZ,7
1308,vi,Qy,1
1309,vk,tC,1
1310,vk,ayQ,1
1311,vl,afF,1
1312,vo,rX,7
1313,vo,aEd,3
1314,vr,z,1
1315,vr,Mv,7
1316,vt,aoD,7
1317,vu,aou,1
1318,vu,Aa,1
1319,vv,Vp,3
1320,vv,alb,1
1321,vv,mZ,1
1322,vw,agI,1
1323,vy,Lo,1
1324,vy,jc,2
1325,vA,aiM,1
1326,vA,ti,1
1327,vA,Xj,1
1328,vB,auE,3
1329,vB,aEt,7
1330,vD,act,1
1331,vF,MC,7
1332,vG,kW,1
1333,vH,vS,1
1334,vH,zD,1
1335,vI,ig,7
1336,vJ,Ia,7
1337,vJ,aks,1
1338,vK,aDz,1
1339,vL,aCY,1
1340,vN,aEr,2
1341,vN,avg,7
1342,vO,aCk,1
1343,vO,yG,1
1344,vP,aHr,1
1345,vP,aoO,1
1346,vR,gk,1
1347,vS,aLj,1
1348,vS,eV,1
1349,vT,ayR,1
1350,vT,agE,7
1351,vT,aoq,1
1352,vU,aLp,7
1353,vU,rD,1
1354,vV,aqQ,1
1355,vV,ahp,1
1356,vV,Lp,1
1357,vW,atM,1
1358,vW,RP,1
1359,vX,Bi,3
1360,vX,Zs,1
1361,vY,lG,7
1362,wa,ajo,7
1363,wa,Gf,7
1364,wb,ad,1
1365,wb,azm,1
1366,wc,Vi,1
1367,wd,CC,1
1368,wd,OW,7
1369,we,JP,1
1370,wf,aGD,7
1371,wg,Vi,1
1372,wg,RX,7
1373,wh,aFM,7
1374,wi,awN,1
1375,wi,tJ,1
1376,wi,ajv,1
1377,wj,aqY,1
1378,wk,aae,7
1379,wk,rw,7
1380,wl,axo,7
1381,wl,OX,7
1382,wm,AI,1
1383,wo,ahr,1
1384,wo,aDM,7
1385,wp,ri,1
1386,wp,AN,1
1387,wq,Of,7
1388,wr,axJ,7
1389,wr,Rq,7
1390,wt,arR,7
1391,wt,alz,1
1392,wu,aCd,7
1393,wv,ME,1
1394,wz,LR,7
1395,wz,Fc,7
1396,wA,iB,7
1397,wB,arY,2
1398,wC,ahe,1
1399,wC,azY,1
1400,wD,aig,1
1401,wD,cj,3
1402,wE,rC,1
1403,wE,abW,1
1404,wF,aNk,1
1405,wF,asT,3
1406,wF,tS,2
1407,wG,Pn,1
1408,wG,aJG,1
1409,wH,aCq,7
1410,wI,Cn,1
1411,wJ,HF,7
1412,wL,akw,1
1413,wL,aec,7
1414,wL,Rn,7
1415,wL,oE,7
1416,wM,aAY,1
1417,wM,IZ,7
1418,wN,axE,7
1419,wN,eh,7
1420,wO,Vo,7
1421,wP,Ws,1
1422,wQ,mw,1
1423,wQ,aGL,7
1424,wS,avY,1
1425,wS,aDR,1
1426,wT,XV,1
1427,wU,dF,7
1428,wU,XF,1
1429,wV,aDe,7
1430,wX,gw,7
1431,wX,Ca,7
1432,wY,akG,7
1433,wY,hQ,1
1434,wZ,iI,7
1435,xa,aBm,7
1436,xb,Tu,7
1437,xb,fU,7
1438,xc,Hn,2
1439,xf,rU,1
1440,xg,VV,7
1441,xg,rJ,7
1442,xi,afU,1
1443,xi,Qu,7
1444,xj,ali,7
1445,xk,oF,1
1446,xm,Kl,1
1447,xm,Ul,7
1448,xn,MB,1
1449,xp,abh,1
1450,xp,ajG,1
1451,xs,UG,1
1452,xs,Ee,7
1453,xv,anh,7
1454,xv,aMN,7
1455,xw,amx,1
1456,xx,aIo,7
1457,xy,afh,7
1458,xz,aHt,1
1459,xz,mD,1
1460,xB,aru,1
1461,xB,aFj,1
1462,xC,Wg,7
1463,xC,aeL,1
1464,xD,aLx,7
1465,xD,arR,7
1466,xE,il,1
1467,xE,GQ,1
1468,xF,N,7
1469,xG,atT,7
1470,xI,L,7
1471,xI,ZH,7
1472,xJ,Iz,1
1473,xK,ec,1
1474,xL,sc,1
1475,xL,qr,1
1476,xM,Uo,7
1477,xM,arr,7
1478,xP,auN,1
1479,xR,auO,1
1480,xR,Ap,7
1481,xW,SS,1
1482,xX,hM,1
1483,xZ,acl,7
1484,xZ,akJ,1
1485,ya,aFC,1
1486,yb,auk,1
1487,yb,Ap,7
1488,yc,axQ,1
1489,yc,yA,7
1490,yc,aiX,7
1491,yd,ES,7
1492,yd,aIX,7
1493,ye,aFq,7
1494,yf,zn,1
1495,yf,aIk,1
1496,yh,OQ,1
1497,yi,JQ,1
1498,yj,afC,1
1499,yl,so,7
1500,ym,amU,7
1501,yo,ayY,1
1502,yp,aDg,1
1503,ys,ads,7
1504,ys,JA,7
1505,yu,My,1
1506,yu,atw,1
1507,yw,Xw,1
1508,yw,lv,1
1509,yw,Jt,1
1510,yy,Or,1
1511,yz,Fq,1
1512,yz,agG,7
1513,yA,axJ,1
1514,yB,Ce,1
1515,yC,bE,7
1516,yE,amT,1
1517,yE,ng,1
1518,yG,bu,1
1519,yI,afL,1
1520,yJ,mk,7
1521,yJ,axr,1
1522,yK,OG,1
1523,yM,no,1
1524,yM,adt,1
1525,yN,aF,1
1526,yO,aLy,7
1527,yP,g,7
1528,yP,aqW,7
1529,yS,aeL,1
1530,yS,aIk,1
1531,yT,vD,1
1532,yT,KZ,1
1533,yV,aey,1
1534,yV,Jx,1
1535,yY,aiy,7
1536,za,cV,7
1537,zb,uw,7
1538,zb,alU,1
1539,zc,aqs,1
1540,zc,mS,1
1541,zd,aOQ,1
1542,ze,LG,1
1543,ze,He,1
1544,zg,UV,1
1545,zg,nU,1
1546,zh,Pz,7
1547,zh,gN,7
1548,zi,dF,7
1549,zi,aqM,1
1550,zk,aNi,7
1551,zl,hr,1
1552,zl,lH,1
1553,zm,aIK,1
1554,zm,aha,1
1555,zn,tY,2
1556,zn,ayN,1
1557,zo,Dx,7
1558,zo,OQ,1
1559,zp,Hd,1
1560,zq,aFf,1
1561,zq,NX,1
1562,zr,atV,1
1563,zs,aDd,7
1564,zs,oP,7
1565,zt,Jg,7
1566,zu,Qa,7
1567,zx,LQ,1
1568,zy,kR,1
1569,zy,gD,2
1570,zz,axA,7
1571,zA,uC,1
1572,zA,ea,1
1573,zA,eW,1
1574,zB,OM,1
1575,zC,hL,1
1576,zE,OO,1
1577,zE,oC,1
1578,zF,aCd,1
1579,zF,aEZ,1
1580,zG,agM,7
1581,zI,axJ,1
1582,zJ,jT,1
1583,zK,qt,7
1584,zL,aGN,3
1585,zL,avk,1
1586,zL,YD,1
1587,zO,vl,1
1588,zP,ajk,1
1589,zQ,Xo,7
1590,zR,aik,1
1591,zS,P,7
1592,zS,aJ,7
1593,zT,ud,1
1594,zT,rU,1
1595,zT,hA,1
1596,zU,aV,7
1597,zV,rA,3
1598,zX,axK,1
1599,zX,ahy,1
1600,zY,ajN,1
1601,zZ,akE,1
1602,zZ,pr,1
1603,zZ,ahG,1
1604,Aa,Ob,1
1605,Aa,aEk,1
1606,Ab,awa,1
1607,Ac,cB,1
1608,Ad,alm,7
1609,Ae,Kk,1
1610,Ae,abT,1
1611,Ae,pV,1
1612,Af,amt,1
1613,Af,aFf,1
1614,Af,rk,1
1615,Ag,ic,1
1616,Ai,Yi,7
1617,Aj,Mt,1
1618,Ak,axF,7
1619,Ao,al,1
1620,Ao,ua,1
1621,Ap,pa,1
1622,Ap,aBt,7
1623,Aq,ajU,1
1624,Ar,agh,7
1625,Ar,Dx,7
1626,As,Us,1
1627,At,ati,1
1628,Au,ady,7
1629,Au,pA,7
1630,Ax,ahw,7
1631,Ax,oA,7
1632,Ay,eH,1
1633,Az,xL,7
1634,AA,nV,1
1635,AB,wW,1
1636,AC,Bw,1
1637,AE,NO,7
1638,AF,NR,7
1639,AG,UX,7
1640,AH,asX,7
1641,AI,aCc,1
1642,AI,Tf,1
1643,AI,rx,1
1644,AI,XH,1
1645,AK,aNL,1
1646,AM,iy,7
1647,AM,MD,1
1648,AN,eW,7
1649,AO,aCC,1
1650,AP,afj,1
1651,AP,aFV,1
1652,AR,aaI,1
1653,AR,PK,7
1654,AS,uK,2
1655,AT,aqq,7
1656,AT,rl,7
1657,AU,pn,1
1658,AZ,au,1
1659,AZ,jd,1
1660,Ba,aFg,1
1661,Bb,cO,1
1662,Bb,CX,1
1663,Bb,TJ,1
1664,Bc,qk,7
1665,Bd,ahh,7
1666,Bd,KR,7
1667,Be,oV,1
1668,Be,qg,7
1669,Be,alJ,1
1670,Bg,Mh,1
1671,Bg,aqc,2
1672,Bh,aAS,1
1673,Bh,apu,1
1674,Bi,Ga,7
1675,Bi,aHc,7
1676,Bj,ao,1
1677,Bm,Yj,7
1678,Bn,aiS,7
1679,Bo,us,7
1680,Bo,Zd,1
1681,Bo,lk,1
1682,Bp,tf,2
1683,Bp,zN,1
1684,Bq,aEQ,7
1685,Bq,aKz,7
1686,Br,ij,1
1687,Bt,he,7
1688,Bu,aAr,7
1689,Bv,azA,7
1690,Bx,aHz,1
1691,By,aDI,7
1692,Bz,jg,2
1693,BB,kx,3
1694,BE,aqu,1
1695,BG,avL,1
1696,BG,awz,1
1697,BJ,dy,1
1698,BJ,VY,2
1699,BJ,ahq,3
1700,BK,ET,7
1701,BL,akZ,1
1702,BL,akB,1
1703,BM,xS,7
1704,BN,SO,7
1705,BO,Jb,1
1706,BO,agc,1
1707,BP,Pr,1
1708,BQ,ayU,7
1709,BQ,ael,1
1710,BR,add,7
1711,BS,abB,7
1712,BT,ZK,1
1713,BU,aCo,1
1714,BU,bM,1
1715,BV,ai,7
1716,BX,ajC,7
1717,BY,yc,7
1718,BZ,jW,1
1719,BZ,avp,1
1720,Ca,Eg,3
1721,Ca,DO,3
1722,Cb,mR,7
1723,Ce,xH,1
1724,Cf,jo,7
1725,Cg,dC,3
1726,Cg,FE,1
1727,Ch,IZ,7
1728,Ci,qM,1
1729,Cj,aMq,1
1730,Cl,QW,1
1731,Cl,Bn,1
1732,Cl,aJs,1
1733,Cm,NZ,1
1734,Cm,aAd,1
1735,Cm,aFw,1
1736,Cn,akd,1
1737,Cn,Jk,1
1738,Cp,amz,1
1739,Cr,ME,7
1740,Cr,amq,2
1741,Cs,SW,1
1742,Cs,oH,1
1743,Cu,aiF,1
1744,Cu,Mc,1
1745,Cv,aBN,1
1746,Cv,aNI,7
1747,Cx,wP,1
1748,Cy,vQ,1
1749,Cz,HT,1
1750,CA,acw,1
1751,CB,akg,1
1752,CD,mS,1
1753,CE,ayE,1
1754,CE,amn,1
1755,CF,aAb,1
1756,CH,sB,7
1757,CH,GO,1
1758,CJ,Uj,7
1759,CK,abc,1
1760,CK,ank,1
1761,CL,PL,1
1762,CN,aav,7
1763,CN,rc,1
1764,CO,apW,1
1765,CP,aFA,1
1766,CP,lf,7
1767,CQ,on,1
1768,CQ,IW,1
1769,CS,abv,1
1770,CS,aGs,1
1771,CT,aMx,7
1772,CU,UK,1
1773,CV,sZ,7
1774,CV,Gv,7
1775,CW,aMZ,1
1776,CX,OQ,1
1777,CY,vq,7
1778,Dc,FJ,1
1779,Df,aO,7
1780,Df,acz,7
1781,Dg,HY,1
1782,Dg,nl,7
1783,Dh,ER,7
1784,Dh,Yv,7
1785,Dh,alG,1
1786,Dj,KK,7
1787,Dj,AL,7
1788,Dj,oG,1
1789,Dk,xn,7
1790,Dk,aOq,7
1791,Dk,ahi,7
1792,Do,lr,1
1793,Dp,wc,1
1794,Dp,amD,2
1795,Dp,lx,1
1796,Dq,Cp,7
1797,Dr,ajv,1
1798,Dr,ul,1
1799,Du,auz,7
1800,Dv,TG,1
1801,Dw,DN,1
1802,Dx,auW,1
1803,Dx,OG,1
1804,Dz,MT,1
1805,DB,IO,1
1806,DC,if,7
1807,DD,Ky,3
1808,DD,Qp,1
1809,DE,azK,7
1810,DE,apa,1
1811,DG,es,7
1812,DI,aJz,1
1813,DK,ahT,3
1814,DK,oo,1
1815,DK,Jg,1
1816,DL,ahj,7
1817,DL,Tb,1
1818,DM,CW,1
1819,DP,atc,1
1820,DR,aDG,2
1821,DR,aqy,1
1822,DR,WB,1
1823,DS,aAG,7
1824,DT,amn,7
1825,DT,Jn,2
1826,DU,GA,7
1827,DU,fq,7
1828,DV,td,1
1829,DV,vc,1
1830,DV,ahS,1
1831,DW,aoZ,1
1832,DW,GQ,1
1833,DX,HB,1
1834,DX,ayy,1
1835,DY,aCM,7
1836,DZ,ex,1
1837,DZ,aha,7
1838,DZ,kH,7
1839,Eb,UW,7
1840,Eb,aMh,7
1841,Ed,wa,1
1842,Ed,Pd,7
1843,Ee,od,1
1844,Ee,axT,1
1845,Eg,tf,1
1846,Eh,amV,1
1847,Eh,fh,1
1848,Ej,ik,7
1849,Ek,BA,7
1850,Ek,aak,1
1851,En,afl,1
1852,Ep,Em,7
1853,Eq,aoS,1
1854,Es,abo,1
1855,Es,anM,1
1856,Es,tl,1
1857,Eu,bE,7
1858,Ev,avj,1
1859,Ev,vD,1
1860,Ew,aNc,1
1861,Ex,apF,7
1862,Ex,LC,1
1863,Ey,aBx,1
1864,Ez,aCr,1
1865,Ez,aLJ,2
1866,EC,ZB,1
1867,ED,aIu,2
1868,EG,aus,1
1869,EH,aNw,1
1870,EI,agp,3
1871,EJ,HC,1
1872,EK,aff,3
1873,EK,JI,3
1874,EL,awW,1
1875,EM,aos,1
1876,EN,pL,1
1877,EO,aqI,1
1878,EP,fj,1
1879,EP,XZ,1
1880,EQ,axB,1
1881,ER,Zg,2
1882,ER,pl,2
1883,ES,qY,1
1884,ES,je,2
1885,ES,aAv,1
1886,ET,apA,3
1887,ET,VW,3
1888,ET,wC,7
1889,EU,SL,1
1890,EV,TN,1
1891,EX,aiY,7
1892,EX,asD,1
1893,EZ,aoS,1
1894,Fa,akR,1
1895,Fb,sq,1
1896,Fb,aAl,7
1897,Fc,oP,7
1898,Fd,zs,1
1899,Fd,aLt,7
1900,Fe,avd,1
1901,Fe,bl,7
1902,Ff,LV,1
1903,Ff,WJ,3
1904,Fg,om,1
1905,Fg,Sz,1
1906,Fg,Qe,1
1907,Fh,aCh,7
1908,Fi,aor,1
1909,Fi,JW,1
1910,Fj,Br,1
1911,Fk,arf,7
1912,Fl,aqO,7
1913,Fm,Cg,7
1914,Fm,O,7
1915,Fn,afi,7
1916,Fo,am,7
1917,Fo,arx,7
1918,Fp,DW,1
1919,Fq,amW,7
1920,Fr,hB,1
1921,Fr,kf,1
1922,Fs,aEo,1
1923,Fs,amQ,1
1924,Ft,eR,1
1925,Fx,agi,7
1926,Fy,Dz,3
1927,Fy,rU,3
1928,FC,aAB,1
1929,FD,NF,1
1930,FE,aGF,7
1931,FE,JY,1
1932,FF,vz,1
1933,FG,og,1
1934,FG,Zi,1
1935,FG,jc,1
1936,FH,Nl,1
1937,FH,apa,1
1938,FI,gM,1
1939,FI,Va,1
1940,FK,tJ,1
1941,FL,zw,1
1942,FM,Dg,7
1943,FM,fa,1
1944,FN,XI,1
1945,FN,aiY,1
1946,FQ,abn,7
1947,FR,agc,1
1948,FR,dL,7
1949,FT,vP,1
1950,FU,aBC,7
1951,FW,WL,1
1952,FX,awy,7
1953,FZ,Ls,7
1954,FZ,aug,1
1955,Ga,CO,7
1956,Gb,akA,7
1957,Gb,aoS,7
1958,Gb,IE,7
1959,Ge,Tn,2
1960,Gg,EK,7
1961,Gg,VH,7
1962,Gg,amQ,1
1963,Gg,VT,1
1964,Gh,ayj,3
1965,Gh,asc,1
1966,Gh,HP,7
1967,Gi,vM,7
1968,Gi,jD,1
1969,Gj,jH,1
1970,Gj,QY,7
1971,Gj,amZ,1
1972,Gl,Mo,7
1973,Go,auJ,1
1974,Go,ct,1
1975,Go,amF,1
1976,Gp,TH,1
1977,Gq,fL,7
1978,Gr,el,1
1979,Gr,axC,3
1980,Gs,avv,1
1981,Gs,aJb,1
1982,Gt,Im,1
1983,Gu,my,1
1984,Gv,TE,7
1985,Gv,aih,7
1986,Gx,awC,1
1987,Gz,auY,1
1988,Gz,aGC,1
1989,Gz,fN,1
1990,GA,avA,1
1991,GA,aNe,7
1992,GB,xM,1
1993,GC,aDn,1
1994,GF,asz,1
1995,GF,ZQ,1
1996,GH,aEJ,1
1997,GK,TX,1
1998,GN,aAa,1
1999,GO,mX,1
2000,GP,agL,1
2001,GP,ags,1
2002,GP,EF,1
2003,GQ,NI,1
2004,GQ,co,1
2005,GR,aNI,1
2006,GT,nC,1
2007,GT,Kb,1
2008,GU,aIp,1
2009,GW,IJ,7
2010,Ha,aNh,1
2011,Hb,NY,1
2012,Hd,Em,7
2013,Hd,aKn,7
2014,He,Iz,1
2015,Hf,Tn,1
2016,Hg,AK,7
2017,Hh,AB,7
2018,Hi,QN,1
2019,Hi,Mf,2
2020,Hj,fL,1
2021,Hk,i,7
2022,Hk,apg,7
2023,Hk,VE,1
2024,Hl,Ag,1
2025,Hl,awh,1
2026,Hm,mS,1
2027,Hn,ER,7
2028,Ho,Mo,7
2029,Hp,xn,1
2030,Hq,uW,1
2031,Hq,Yh,2
2032,Hq,agB,1
2033,Hr,Va,1
2034,Hr,ayD,1
2035,Hs,aBa,1
2036,Ht,pl,1
2037,Hu,GM,2
2038,Hu,atN,2
2039,Hv,and,3
2040,Hv,cQ,1
2041,Hv,ja,3
2042,Hw,aKR,1
2043,Hw,aJN,7
2044,Hx,azk,1
2045,Hx,agY,1
2046,Hy,mk,7
2047,Hz,aFr,1
2048,Hz,EL,1
2049,HA,gg,1
2050,HA,WI,1
2051,HA,ft,1
2052,HB,atI,7
2053,HC,amt,1
2054,HE,agS,7
2055,HF,Mb,1
2056,HF,amb,3
2057,HF,UG,1
2058,HG,aCT,1
2059,HG,aBs,1
2060,HJ,jC,1
2061,HK,asS,1
2062,HL,jl,2
2063,HL,aAt,2
2064,HM,lF,1
2065,HM,XO,1
2066,HO,gl,1
2067,HO,aLU,1
2068,HO,aCq,1
2069,HP,de,1
2070,HP,rb,7
2071,HP,atM,1
2072,HS,aOj,7
2073,HS,ajo,7
2074,HT,nP,1
2075,HT,Sj,2
2076,HV,z,1
2077,HW,abx,2
2078,HX,aaw,7
2079,HY,tM,1
2080,HZ,OS,1
2081,HZ,aGE,7
2082,Ia,ahl,1
2083,Ib,XL,1
2084,Id,fh,1
2085,Ie,BX,1
2086,Ie,Ue,1
2087,If,azR,7
2088,Ig,ahq,1
2089,Ii,aAb,1
2090,Ii,He,1
2091,Im,kr,7
2092,In,zi,1
2093,In,Yt,2
2094,Ip,aIR,2
2095,Is,l,1
2096,Is,adg,1
2097,Is,PE,2
2098,It,azC,1
2099,It,Jp,1
2100,Iu,vV,7
2101,Iu,anf,7
2102,Iv,fj,1
2103,Iw,anW,3
2104,Iw,apJ,1
2105,Iw,aCB,1
2106,Ix,aHE,7
2107,Ix,CQ,7
2108,Iy,atF,7
2109,Iz,SL,1
2110,Iz,aJf,7
2111,IA,DF,2
2112,IA,alB,2
2113,IB,Sx,1
2114,IC,ayc,7
2115,IC,aCp,7
2116,IC,aOh,1
2117,IE,azF,1
2118,IF,arD,1
2119,II,axV,1
2120,II,Wz,2
2121,IJ,GU,7
2122,IJ,aKr,2
2123,IL,JG,7
2124,IM,apV,1
2125,IN,vU,7
2126,IO,alJ,1
2127,IP,aLv,1
2128,IP,aFy,1
2129,IQ,QN,1
2130,IQ,aHS,1
2131,IR,are,7
2132,IS,aBa,1
2133,IS,aFK,1
2134,IS,GE,1
2135,IU,ef,1
2136,IW,MF,1
2137,IX,aEH,1
2138,IX,awr,7
2139,IZ,Zu,1
2140,Ja,RU,2
2141,Ja,Vm,1
2142,Ja,wQ,2
2143,Jb,amX,1
2144,Jc,Rh,1
2145,Jc,Eb,3
2146,Jc,Bt,1
2147,Jc,abw,7
2148,Jd,azS,7
2149,Je,JO,1
2150,Jf,aDH,1
2151,Jh,aJl,1
2152,Ji,Ho,2
2153,Ji,vj,1
2154,Jj,aCT,1
2155,Jk,GK,1
2156,Jl,azw,1
2157,Jl,acn,1
2158,Jl,LF,1
2159,Jo,XS,1
2160,Jo,ir,1
2161,Jt,abq,1
2162,Jt,ama,1
2163,Ju,EQ,7
2164,Ju,arP,1
2165,Jv,EX,7
2166,Jw,hl,1
2167,Jx,FE,1
2168,Jy,anF,7
2169,Jy,Ym,7
2170,Jz,aGk,1
2171,Jz,PG,7
2172,Jz,aNF,1
2173,JC,aqd,1
2174,JD,amK,1
2175,JE,Wq,1
2176,JE,axr,1
2177,JF,aLV,1
2178,JF,Ak,2
2179,JH,TW,7
2180,JH,Vq,7
2181,JJ,QR,1
2182,JK,iK,7
2183,JO,aMx,7
2184,JQ,JX,1
2185,JS,ajb,1
2186,JS,vv,1
2187,JT,ahF,1
2188,JV,aeC,2
2189,JW,abg,1
2190,JY,atK,1
2191,Ka,auS,1
2192,Ka,acZ,2
2193,Kb,EZ,1
2194,Kb,oF,1
2195,Kc,abe,1
2196,Kd,xQ,1
2197,Kf,aeH,1
2198,Kf,aMU,7
2199,Kg,aoa,1
2200,Kh,aDB,1
2201,Ki,aJR,1
2202,Kj,ax,2
2203,Kj,im,7
2204,Kl,gk,1
2205,Kl,Tq,7
2206,Km,he,7
2207,Kn,oe,1
2208,Kn,to,1
2209,Ko,rt,7
2210,Kq,ue,1
2211,Kq,agJ,1
2212,Kq,aBX,1
2213,Kt,uz,7
2214,Ku,kU,1
2215,Kw,wJ,1
2216,Kw,Ht,2
2217,Kz,aME,1
2218,Kz,Wa,1
2219,KA,lN,1
2220,KC,aAR,2
2221,KD,anr,1
2222,KD,azU,1
2223,KF,aoA,1
2224,KH,aFq,7
2225,KI,RZ,1
2226,KJ,qj,1
2227,KJ,aMH,1
2228,KK,aFt,1
2229,KL,ame,7
2230,KM,aKw,1
2231,KN,abH,7
2232,KN,fm,1
2233,KP,UP,1
2234,KP,Df,1
2235,KQ,Sf,1
2236,KR,awc,1
2237,KR,uA,2
2238,KS,sf,1
2239,KT,mP,1
2240,KU,tj,1
2241,KV,Ye,1
2242,KW,Fz,1
2243,KX,aeg,7
2244,KY,aks,1
2245,KY,cs,1
2246,KZ,bO,1
2247,KZ,tf,1
2248,La,aMv,1
2249,Ld,of,3
2250,Ld,PJ,3
2251,Le,aMi,1
2252,Le,aAX,1
2253,Lf,cW,1
2254,Lg,arg,7
2255,Lg,gz,1
2256,Lg,Qw,1
2257,Lh,aEE,1
2258,Lh,sj,1
2259,Li,aBQ,1
2260,Li,qn,1
2261,Li,iU,1
2262,Lj,E,1
2263,Lk,aLC,1
2264,Lk,ayO,1
2265,Lm,aoa,2
2266,Lm,XX,1
2267,Ln,aKE,7
2268,Ln,xY,1
2269,Lo,QB,1
2270,Lp,auo,1
2271,Lp,Ki,1
2272,Lr,Ut,1
2273,Lr,is,1
2274,Ls,mW,7
2275,Ls,Qe,1
2276,Ls,ahX,7
2277,Lu,QP,1
2278,Lv,km,7
2279,Lx,aNq,7
2280,Lx,aBy,7
2281,Lz,uM,1
2282,LA,yn,7
2283,LA,Tc,1
2284,LA,oy,7
2285,LA,vT,1
2286,LC,PK,7
2287,LD,cq,1
2288,LE,ael,7
2289,LE,aqW,7
2290,LF,HW,1
2291,LG,XL,1
2292,LH,pv,1
2293,LJ,sc,7
2294,LK,RT,7
2295,LK,Me,7
2296,LM,uz,7
2297,LM,xJ,7
2298,LN,axb,7
2299,LO,Ic,1
2300,LO,aFs,1
2301,LO,axw,1
2302,LQ,agh,7
2303,LR,RY,1
2304,LS,wX,7
2305,LT,aAT,7
2306,LU,aoj,7
2307,LW,age,7
2308,LY,aoI,2
2309,LY,aAh,1
2310,LZ,mz,1
2311,Mb,axI,7
2312,Mb,aoS,1
2313,Mc,At,1
2314,Mc,Dg,7
2315,Md,adE,3
2316,Md,Ke,3
2317,Me,pt,1
2318,Mf,CK,1
2319,Mf,kO,1
2320,Mg,aHT,1
2321,Mg,atg,1
2322,Mh,aHR,7
2323,Mi,AU,1
2324,Mk,Th,1
2325,Mk,ayj,2
2326,Mk,aoV,1
2327,Ml,YV,1
2328,Mm,ane,7
2329,Mn,atK,2
2330,Mn,St,2
2331,Mo,aam,2
2332,Mo,JW,1
2333,Mp,ajk,1
2334,Mp,TW,1
2335,Mq,aGa,3
2336,Mq,Ho,3
2337,Mq,YK,3
2338,Mr,sk,1
2339,Mr,afA,1
2340,Ms,ND,1
2341,Ms,rJ,7
2342,Mt,aeU,7
2343,Mu,uL,1
2344,Mu,DS,1
2345,Mv,Hr,7
2346,Mv,azb,1
2347,Mw,aMb,1
2348,Mx,aoh,7
2349,My,azv,1
2350,Mz,RC,1
2351,MA,lP,1
2352,MD,vt,1
2353,MD,ok,1
2354,ME,aOl,1
2355,ME,aoq,1
2356,MF,VK,3
2357,MF,abl,2
2358,MG,auc,7
2359,MH,aOF,1
2360,MH,akP,3
2361,MH,Ds,1
2362,MI,Vs,3
2363,MI,adc,2
2364,MI,ase,2
2365,MK,aiu,7
2366,MN,aws,1
2367,MP,Yg,1
2368,MP,rW,1
2369,MQ,pv,1
2370,MQ,ahA,3
2371,MQ,mM,1
2372,MQ,Ib,3
2373,MS,auZ,1
2374,MS,sx,2
2375,MT,Vq,7
2376,MU,atu,7
2377,MV,fB,1
2378,MW,ayw,1
2379,MW,CK,1
2380,MX,Ue,2
2381,MX,afg,2
2382,MX,RL,1
2383,MX,aCi,1
2384,Nb,ajE,1
2385,Nb,vl,1
2386,Nc,adv,1
2387,Nd,aiz,7
2388,Ne,mb,1
2389,Ne,dJ,1
2390,Nf,SQ,1
2391,Ni,ot,7
2392,Nl,pS,7
2393,Nl,aqs,1
2394,Nm,aOk,3
2395,Nn,ahf,1
2396,Nn,BE,1
2397,No,Ec,1
2398,No,aCi,1
2399,Np,adY,1
2400,Np,Kn,7
2401,Nq,TF,1
2402,Nr,Gw,1
2403,Nr,DL,1
2404,Ns,ac,1
2405,Ns,aMi,1
2406,Nt,Kb,1
2407,Nt,amU,7
2408,Nt,Kp,1
2409,Nu,SB,1
2410,Nv,anU,1
2411,Nx,avz,1
2412,Nx,N,7
2413,Nz,aNW,1
2414,Nz,ui,1
2415,NA,aGl,7
2416,NA,DW,1
2417,NB,anY,1
2418,NC,Vk,7
2419,NC,aop,1
2420,ND,bi,7
2421,NJ,dp,1
2422,NK,Br,2
2423,NL,fI,2
2424,NL,arP,1
2425,NM,aKC,1
2426,NN,gr,1
2427,NN,yL,1
2428,NO,ij,1
2429,NO,VY,3
2430,NO,YQ,2
2431,NP,aBU,1
2432,NR,lx,1
2433,NR,gk,1
2434,NT,Kk,1
2435,NX,acT,1
2436,NX,QY,7
2437,NY,add,1
2438,NY,aJQ,7
2439,Oa,agS,7
2440,Od,HF,7
2441,Od,Dw,7
2442,Oe,aN,7
2443,Of,aKD,7
2444,Of,aEE,7
2445,Og,Yn,7
2446,Oh,TI,1
2447,Oi,aMI,1
2448,Oj,YU,1
2449,Ok,aHS,1
2450,Ol,agZ,7
2451,Ol,ix,7
2452,Om,RK,7
2453,Op,atJ,1
2454,Oq,aqr,7
2455,Oq,awl,7
2456,Oq,Nt,1
2457,Oq,nz,7
2458,Os,agH,1
2459,Ot,aBo,7
2460,Ou,pP,2
2461,Ou,YB,1
2462,Ow,iI,7
2463,Ow,rQ,1
2464,Ox,Ye,1
2465,Oy,Op,1
2466,Oy,Vb,7
2467,OB,Xp,3
2468,OD,aiS,7
2469,OD,oY,1
2470,OE,Ic,1
2471,OG,amw,1
2472,OG,DC,1
2473,OH,aoQ,7
2474,OI,oG,7
2475,OI,vq,7
2476,OJ,Jt,1
2477,OJ,bf,1
2478,OK,kw,7
2479,OL,dl,1
2480,OM,ahe,7
2481,ON,acN,1
2482,ON,Pu,7
2483,OQ,azE,7
2484,OQ,lh,2
2485,OR,fn,3
2486,OR,Kv,1
2487,OS,aqF,7
2488,OW,oM,2
2489,OW,aaI,1
2490,OY,yP,1
2491,OZ,aJs,1
2492,Pa,Mc,1
2493,Pb,awL,7
2494,Pc,VJ,1
2495,Pd,aJm,2
2496,Pd,aie,1
2497,Pd,jQ,3
2498,Pe,avI,1
2499,Pf,aa,7
2500,Pf,amp,1
2501,Pg,EQ,7
2502,Pg,Xc,1
2503,Ph,lM,1
2504,Pi,GL,2
2505,Pi,acu,1
2506,Pj,asG,1
2507,Pj,aiE,1
2508,Pl,alZ,7
2509,Pm,Pp,1
2510,Pm,akx,1
2511,Pn,hK,7
2512,Pn,aDu,7
2513,Po,alW,1
2514,Po,aBN,1
2515,Pp,axv,1
2516,Pp,aHp,7
2517,Pq,aOG,7
2518,Pr,kC,7
2519,Pr,amU,7
2520,Pv,xd,1
2521,Pv,Ve,1
2522,Pw,aaE,7
2523,Py,gd,1
2524,Pz,Tr,3
2525,Pz,Vi,3
2526,Pz,aMj,1
2527,PA,Av,1
2528,PA,EJ,1
2529,PC,aqe,1
2530,PC,et,1
2531,PD,ec,7
2532,PE,mu,1
2533,PE,OO,1
2534,PF,avh,1
2535,PF,azJ,7
2536,PG,aju,7
2537,PG,abE,7
2538,PJ,aHR,7
2539,PJ,bw,7
2540,PK,Kc,1
2541,PL,wR,7
2542,PL,MU,7
2543,PM,Zs,1
2544,PN,apH,7
2545,PP,aqq,7
2546,PQ,ps,1
2547,PQ,XX,1
2548,PR,tE,1
2549,PR,ako,3
2550,PS,aEN,1
2551,PU,MZ,1
2552,PW,aOR,1
2553,PX,AM,1
2554,PY,tB,7
2555,Qb,ayF,1
2556,Qb,HN,2
2557,Qc,yn,7
2558,Qd,ayQ,1
2559,Qe,aKF,7
2560,Qe,wB,1
2561,Qg,abv,1
2562,Qh,IW,1
2563,Qj,M,7
2564,Qk,arR,7
2565,Qn,agt,1
2566,Qo,sx,1
2567,Qo,adi,7
2568,Qp,aCa,1
2569,Qp,aFZ,7
2570,Qq,ou,1
2571,Qq,FC,7
2572,Qr,bF,1
2573,Qr,Ht,3
2574,Qs,Kd,7
2575,Qt,oy,7
2576,Qu,mC,1
2577,Qv,Ca,7
2578,Qw,jn,7
2579,Qw,Xa,1
2580,Qy,aLk,1
2581,Qy,ao,1
2582,Qy,dd,7
2583,QA,aDI,7
2584,QB,zO,7
2585,QB,nG,1
2586,QB,xR,1
2587,QC,Vj,1
2588,QD,oV,1
2589,QD,AF,1
2590,QE,TE,7
2591,QE,Pz,7
2592,QE,Jw,7
2593,QF,Bg,1
2594,QF,aJl,2
2595,QK,aGL,7
2596,QN,KL,7
2597,QO,aON,1
2598,QP,aNz,1
2599,QQ,o,1
2600,QR,Ft,7
2601,QS,WC,1
2602,QU,aIr,7
2603,QW,alZ,7
2604,QW,hK,7
2605,QW,FW,7
2606,QX,apy,1
2607,QX,atc,1
2608,QY,WO,1
2609,QZ,Du,1
2610,QZ,BZ,1
2611,Ra,MO,3
2612,Ra,dE,2
2613,Ra,Er,1
2614,Re,zC,7
2615,Re,amk,1
2616,Rf,js,1
2617,Rg,aoW,7
2618,Rh,aNw,1
2619,Rh,uI,1
2620,Ri,TO,1
2621,Ri,mO,2
2622,Rj,WW,2
2623,Rk,awY,1
2624,Rm,aaD,1
2625,Rn,RT,1
2626,Ro,aok,1
2627,Ro,uZ,1
2628,Rp,atc,1
2629,Rp,aDj,1
2630,Rq,BH,1
2631,Rq,aMU,7
2632,Rr,aKV,1
2633,Rs,fr,1
2634,Rs,ayw,1
2635,Rt,aEH,1
2636,Rv,awY,1
2637,Rv,kl,1
2638,Rw,hp,1
2639,Rx,Rk,1
2640,Rx,dS,1
2641,Rx,Yv,7
2642,Ry,aoh,1
2643,RA,aaQ,1
2644,RA,abr,1
2645,RC,bU,1
2646,RC,KG,1
2647,RD,aLs,7
2648,RE,kT,7
2649,RF,aMS,1
2650,RG,qh,2
2651,RH,afm,1
2652,RH,dn,1
2653,RJ,qe,1
2654,RJ,aBn,1
2655,RK,oj,1
2656,RK,Jo,7
2657,RK,avr,7
2658,RL,atE,1
2659,RL,ZE,1
2660,RM,aKa,1
2661,RM,Qy,1
2662,RN,gU,7
2663,RN,BB,7
2664,RO,NQ,1
2665,RP,OW,7
2666,RP,Yv,7
2667,RQ,aDR,1
2668,RQ,axv,1
2669,RQ,Kk,1
2670,RR,acd,7
2671,RS,RE,1
2672,RT,Nt,1
2673,RT,aGo,1
2674,RU,yk,7
2675,RV,Aj,7
2676,RV,qP,1
2677,RV,Rt,1
2678,RW,EU,1
2679,RW,tN,1
2680,RX,aKV,1
2681,RX,UE,7
2682,RZ,fz,1
2683,RZ,aFU,1
2684,Sb,atw,1
2685,Sc,aDy,7
2686,Sd,ox,1
2687,Se,Fv,1
2688,Sf,Rd,1
2689,Sf,abc,1
2690,Sh,awR,1
2691,Sh,sn,7
2692,Si,xk,7
2693,Si,azb,1
2694,Sj,amU,7
2695,Sk,AX,1
2696,Sl,aHE,7
2697,Sm,ayW,1
2698,Sn,ado,1
2699,Sp,pr,1
2700,Sq,bJ,1
2701,Sq,aaW,1
2702,Ss,fz,1
2703,St,CZ,7
2704,Su,ry,1
2705,Sv,aNY,1
2706,Sv,iP,1
2707,Sv,XI,1
2708,Sx,aEW,7
2709,Sy,tq,7
2710,Sy,Ft,1
2711,Sz,la,1
2712,Sz,avp,1
2713,SA,GL,2
2714,SB,apT,7
2715,SC,auO,1
2716,SD,oq,7
2717,SD,TP,1
2718,SF,agT,1
2719,SF,ayX,2
2720,SG,aLr,1
2721,SI,Pc,1
2722,SK,oN,1
2723,SL,jB,1
2724,SM,avo,7
2725,SN,gQ,1
2726,SP,auQ,1
2727,SQ,aDl,1
2728,SS,QP,2
2729,SS,acZ,2
2730,ST,Be,7
2731,ST,GI,1
2732,SV,alD,7
2733,SX,aDb,1
2734,SY,Kh,2
2735,SY,asM,7
2736,SZ,ZH,7
2737,Ta,aAv,7
2738,Ta,aci,7
2739,Td,amL,1
2740,Td,amT,1
2741,Te,Yf,7
2742,Tf,aMd,1
2743,Tg,KL,7
2744,Tg,ba,7
2745,Tg,jc,1
2746,Th,Fe,7
2747,Ti,Oi,1
2748,Ti,apr,1
2749,Tj,akU,1
2750,Tj,Ck,1
2751,Tl,aoy,1
2752,Tl,jg,1
2753,Tl,aLi,1
2754,Tm,Dk,1
2755,Tn,sp,1
2756,Tn,fw,7
2757,To,aik,1
2758,Tq,LM,1
2759,Tq,Rl,1
2760,Tt,UM,1
2761,Tu,ayH,1
2762,Tu,lg,7
2763,Tv,NI,1
2764,Tv,Bc,1
2765,Tx,aFJ,1
2766,Tx,azK,7
2767,Ty,HW,1
2768,Ty,auT,7
2769,TB,ZD,1
2770,TB,iD,1
2771,TC,aca,7
2772,TC,aae,7
2773,TD,Rb,1
2774,TD,aMz,1
2775,TE,E,1
2776,TE,Zd,1
2777,TF,yT,1
2778,TG,atW,1
2779,TH,gg,1
2780,TI,Qa,7
2781,TK,zi,1
2782,TO,my,1
2783,TP,ga,7
2784,TQ,dN,1
2785,TR,bZ,7
2786,TS,BA,7
2787,TS,tv,1
2788,TT,Jy,1
2789,TU,AT,1
2790,TW,cb,1
2791,TX,aGf,1
2792,TY,aIj,7
2793,TZ,arD,1
2794,Ua,aIR,1
2795,Ub,FU,1
2796,Ub,CB,1
2797,Uc,Fz,7
2798,Ud,BJ,7
2799,Uf,Ju,7
2800,Ug,ayb,1
2801,Uh,aFg,7
2802,Uh,gl,1
2803,Ui,mU,7
2804,Uj,uW,1
2805,Uk,alW,1
2806,Uk,vq,7
2807,Ul,sM,3
2808,Ul,anG,3
2809,Uo,Wh,2
2810,Uo,mo,7
2811,Up,xZ,7
2812,Uq,auf,1
2813,Ur,Kb,1
2814,Ur,ame,7
2815,Us,Kf,7
2816,Uv,anm,7
2817,Uw,avH,1
2818,Ux,avY,1
2819,Uy,TE,7
2820,Uz,ws,1
2821,Uz,sE,1
2822,UA,lL,7
2823,UA,w,1
2824,UB,aiN,7
2825,UC,Yp,1
2826,UC,aqv,7
2827,UD,afo,7
2828,UE,OR,1
2829,UE,xq,1
2830,UF,apq,1
2831,UG,oZ,7
2832,UH,ayB,7
2833,UI,aGP,1
2834,UJ,atm,1
2835,UJ,dJ,1
2836,UK,GN,7
2837,UL,yS,1
2838,UN,GN,1
2839,UP,Yx,7
2840,UQ,mo,7
2841,UQ,Pn,1
2842,UR,yP,1
2843,US,Gr,7
2844,UT,alq,7
2845,UT,AQ,1
2846,UT,aBC,7
2847,UU,aBR,1
2848,UV,G,7
2849,UW,aha,1
2850,UY,aNc,1
2851,UY,ZA,1
2852,Va,aEC,1
2853,Vc,pA,7
2854,Vd,eK,1
2855,Vd,rY,1
2856,Ve,aFP,1
2857,Vf,hQ,1
2858,Vg,apH,1
2859,Vg,aDc,1
2860,Vg,agp,1
2861,Vi,jR,1
2862,Vj,auv,1
2863,Vk,Nt,1
2864,Vk,aqW,7
2865,Vl,aFH,7
2866,Vl,NX,1
2867,Vm,wb,7
2868,Vn,ZE,1
2869,Vn,zM,1
2870,Vo,aAb,3
2871,Vo,gk,1
2872,Vq,uj,7
2873,Vr,sG,1
2874,Vr,aGc,2
2875,Vt,anO,7
2876,Vt,Au,1
2877,Vu,sV,7
2878,Vu,aDI,7
2879,Vv,atE,7
2880,Vv,fF,1
2881,Vw,atR,1
2882,Vx,apb,3
2883,Vx,aBh,7
2884,Vx,Hr,7
2885,Vy,Uk,1
2886,VA,aCI,1
2887,VA,aJu,1
2888,VD,aKD,7
2889,VE,asL,1
2890,VF,wm,1
2891,VF,anX,1
2892,VG,anU,1
2893,VH,aqu,7
2894,VJ,akS,1
2895,VK,NW,1
2896,VM,aCZ,1
2897,VN,aAM,1
2898,VO,aHX,1
2899,VQ,cU,1
2900,VS,apq,1
2901,VS,aqA,1
2902,VT,ahZ,7
2903,VU,Qd,7
2904,VV,aeg,7
2905,VW,aJX,1
2906,VX,afc,1
2907,VZ,fQ,1
2908,Wa,ZO,7
2909,Wb,afs,1
2910,Wb,au,7
2911,Wb,mH,1
2912,Wb,aba,1
2913,Wc,alV,1
2914,Wd,hA,7
2915,We,LV,1
2916,Wf,wF,1
2917,Wf,aMe,1
2918,Wg,EK,1
2919,Wg,aNz,1
2920,Wi,alH,1
2921,Wi,Uz,1
2922,Wj,LS,7
2923,Wj,VN,1
2924,Wl,IN,1
2925,Wn,aph,7
2926,Wr,mP,1
2927,Ws,IX,7
2928,Ws,ga,7
2929,Wv,aju,7
2930,Ww,Hh,1
2931,Ww,aMW,1
2932,Ww,tN,1
2933,Wx,xq,1
2934,Wy,zG,1
2935,WB,qb,1
2936,WC,arP,1
2937,WC,aik,1
2938,WC,Hy,2
2939,WE,aue,1
2940,WE,Gx,2
2941,WF,awC,1
2942,WF,tS,2
2943,WF,sm,2
2944,WG,aOl,1
2945,WG,OF,1
2946,WG,aen,1
2947,WH,Hk,3
2948,WH,mg,2
2949,WH,afj,2
2950,WK,akW,2
2951,WK,aON,1
2952,WL,aMp,1
2953,WM,ali,7
2954,WO,vK,7
2955,WP,ash,1
2956,WP,XT,7
2957,WQ,atT,1
2958,WQ,EW,7
2959,WR,fc,1
2960,WT,sU,7
2961,WT,aBG,1
2962,WU,pg,1
2963,WV,aKH,7
2964,WX,avu,1
2965,WY,uv,1
2966,WZ,awt,1
2967,Xb,Uf,1
2968,Xb,awZ,1
2969,Xc,ary,7
2970,Xe,xJ,1
2971,Xe,ac,1
2972,Xf,aMj,1
2973,Xg,Zn,7
2974,Xg,VT,1
2975,Xh,aOn,1
2976,Xh,wB,1
2977,Xj,ig,7
2978,Xj,mA,7
2979,Xk,Ax,1
2980,Xk,aoN,1
2981,Xk,pv,1
2982,Xm,aad,7
2983,Xp,Ce,3
2984,Xp,OD,1
2985,Xr,Vo,7
2986,Xt,aMG,1
2987,Xu,LV,1
2988,Xv,aMb,1
2989,Xv,aad,1
2990,Xw,cY,7
2991,Xx,gh,1
2992,Xx,p,1
2993,Xy,apT,1
2994,Xz,UU,7
2995,Xz,anU,1
2996,XA,Gf,7
2997,XA,tL,1
2998,XB,IH,1
2999,XB,yC,1
3000,XB,anJ,1
3001,XB,OC,1
3002,XF,awK,1
3003,XG,tr,1
3004,XH,Si,1
3005,XJ,a,1
3006,XJ,TF,1
3007,XK,aJG,1
3008,XL,atI,7
3009,XM,Bv,7
3010,XM,Pe,7
3011,XM,axN,1
3012,XN,LD,7
3013,XN,anX,1
3014,XN,aHW,1
3015,XO,ayT,7
3016,XP,aeq,1
3017,XQ,mo,7
3018,XQ,GN,7
3019,XR,Zn,7
3020,XS,aHE,7
3021,XT,iC,7
3022,XV,awm,1
3023,XV,atF,7
3024,XW,cs,1
3025,XW,aLv,1
3026,XX,aEE,1
3027,XX,YP,1
3028,XY,aIX,7
3029,XZ,wg,7
3030,XZ,Ak,1
3031,Ya,adL,7
3032,Yb,adb,1
3033,Yc,axe,1
3034,Yd,jY,1
3035,Ye,ajW,1
3036,Yf,g,7
3037,Yg,abV,7
3038,Yg,aaK,1
3039,Yh,Fc,7
3040,Yi,qJ,7
3041,Yj,gN,7
3042,Yk,aAV,1
3043,Yk,Yb,7
3044,Ym,lT,1
3045,Yn,Cu,7
3046,Yo,B,7
3047,Yp,vp,1
3048,Yr,aHB,7
3049,Yu,uj,7
3050,Yu,Zc,7
3051,Yv,KH,1
3052,Yw,aiD,1
3053,Yx,aNv,2
3054,Yx,agf,3
3055,Yy,Dy,1
3056,Yz,HG,2
3057,Yz,ud,1
3058,YA,fV,1
3059,YC,oN,1
3060,YD,Ja,7
3061,YD,alC,1
3062,YE,rt,7
3063,YF,wl,1
3064,YG,UN,2
3065,YG,aFM,1
3066,YI,atD,7
3067,YL,aNw,1
3068,YM,aEy,1
3069,YN,lx,1
3070,YN,aEd,1
3071,YP,xd,1
3072,YQ,Xc,1
3073,YR,NZ,1
3074,YR,aDF,2
3075,YR,arn,1
3076,YS,to,1
3077,YT,SO,7
3078,YW,BG,1
3079,YX,apC,7
3080,YY,awn,1
3081,Za,Ax,1
3082,Za,ZA,1
3083,Zc,aNG,2
3084,Zc,gJ,1
3085,Zd,T,1
3086,Ze,vU,7
3087,Ze,apK,1
3088,Zf,cR,1
3089,Zf,CI,2
3090,Zf,azo,1
3091,Zg,ahe,1
3092,Zg,aGr,7
3093,Zh,Bv,1
3094,Zi,arc,7
3095,Zi,Cj,1
3096,Zj,abG,1
3097,Zk,sc,1
3098,Zk,aou,1
3099,Zl,agh,7
3100,Zm,aBN,1
3101,Zm,pn,1
3102,Zn,aau,1
3103,Zo,aAd,1
3104,Zr,akJ,1
3105,Zs,Gt,1
3106,Zu,dL,1
3107,Zw,asD,1
3108,Zy,aCu,1
3109,ZB,KO,1
3110,ZB,ip,1
3111,ZB,A,1
3112,ZC,Rg,7
3113,ZD,aIX,7
3114,ZD,GU,7
3115,ZE,Hg,7
3116,ZF,aiq,7
3117,ZG,aMW,1
3118,ZH,kq,3
3119,ZH,Xv,1
3120,ZI,asu,2
3121,ZI,yQ,2
3122,ZJ,hD,7
3123,ZJ,Fw,1
3124,ZK,XD,3
3125,ZL,aBr,7
3126,ZL,aqL,7
3127,ZM,Rh,1
3128,ZN,apL,1
3129,ZP,To,1
3130,ZP,aeN,3
3131,ZP,aKj,1
3132,ZP,ayK,1
3133,ZR,LS,7
3134,ZX,hU,7
3135,ZX,gP,1
3136,ZZ,aNk,1
3137,ZZ,zQ,1
3138,aab,avp,1
3139,aaf,Nc,7
3140,aag,abW,1
3141,aag,ajS,1
3142,aah,azi,3
3143,aah,pq,1
3144,aah,adR,1
3145,aai,ahS,1
3146,aaj,fQ,7
3147,aak,aoL,7
3148,aak,aFW,7
3149,aak,aEV,7
3150,aal,aIb,1
3151,aan,aiI,3
3152,aao,YD,1
3153,aao,uT,1
3154,aao,aaJ,1
3155,aap,aKp,7
3156,aar,apK,7
3157,aau,vU,7
3158,aau,Ev,7
3159,aav,amF,1
3160,aav,ao,3
3161,aaw,uL,1
3162,aaA,ve,1
3163,aaB,aNi,7
3164,aaB,dj,1
3165,aaC,Fu,1
3166,aaD,IX,7
3167,aaE,aLU,1
3168,aaE,VH,7
3169,aaF,ba,7
3170,aaF,azQ,7
3171,aaI,ajm,1
3172,aaI,ou,7
3173,aaJ,aIY,1
3174,aaJ,aII,1
3175,aaK,aos,1
3176,aaL,bz,1
3177,aaM,WU,7
3178,aaM,X,1
3179,aaP,aKS,1
3180,aaP,adt,1
3181,aaQ,Mn,1
3182,aaQ,Je,1
3183,aaR,anX,1
3184,aaT,DS,1
3185,aaT,zb,1
3186,aaU,aab,7
3187,aaV,aeD,1
3188,aaV,vr,1
3189,aaW,jQ,1
3190,aaW,Uc,1
3191,aba,amB,3
3192,abc,ayM,1
3193,abc,xZ,7
3194,abd,Ak,3
3195,abd,tD,2
3196,abi,amI,2
3197,abj,azO,7
3198,abj,hp,1
3199,abk,amC,7
3200,abk,Vi,1
3201,abl,AP,1
3202,abm,QO,1
3203,abn,aiZ,7
3204,abn,Ia,7
3205,abo,kt,1
3206,abo,JW,1
3207,abp,ayn,1
3208,abr,NN,7
3209,abs,aaK,1
3210,abs,afG,1
3211,abt,yU,2
3212,abt,aoz,1
3213,abu,agq,1
3214,abw,Tm,1
3215,abx,aFU,1
3216,abx,Uq,1
3217,aby,Oi,1
3218,aby,amI,1
3219,aby,OB,1
3220,abB,ov,1
3221,abC,vl,1
3222,abC,fF,1
3223,abD,Uy,1
3224,abD,Wu,1
3225,abD,atG,2
3226,abE,atf,2
3227,abE,aue,3
3228,abE,Oi,1
3229,abF,DB,1
3230,abF,Uu,1
3231,abG,f,1
3232,abG,XL,1
3233,abJ,Xx,7
3234,abL,asu,3
3235,abL,aCZ,1
3236,abM,Hc,7
3237,abM,Yx,7
3238,abN,Qb,7
3239,abO,Xz,1
3240,abP,aBe,7
3241,abP,NK,1
3242,abQ,aKj,1
3243,abR,Pp,1
3244,abT,vw,1
3245,abW,jj,7
3246,abX,aMH,1
3247,aca,OL,1
3248,aca,aJx,1
3249,acb,aEh,1
3250,acd,aaI,1
3251,ace,arC,7
3252,acf,jA,1
3253,acf,sr,1
3254,acf,aGP,1
3255,acg,cw,7
3256,ach,auJ,1
3257,ach,ig,7
3258,aci,azJ,7
3259,aci,aqq,7
3260,acj,Eu,7
3261,ack,axk,2
3262,ack,aqQ,1
3263,ack,Aj,1
3264,acl,xE,1
3265,acn,afB,1
3266,acn,eQ,7
3267,acp,alS,1
3268,acq,oN,1
3269,acr,AO,1
3270,acs,aDZ,1
3271,act,XC,1
3272,acw,ZE,1
3273,acy,rz,7
3274,acA,Ee,7
3275,acB,Oi,1
3276,acC,nV,1
3277,acE,ka,1
3278,acF,yT,1
3279,acG,aeA,1
3280,acG,aDT,1
3281,acH,apF,7
3282,acH,Rg,1
3283,acI,Ql,7
3284,acK,aBE,2
3285,acK,bI,1
3286,acL,de,1
3287,acN,uz,7
3288,acO,aLW,1
3289,acP,Ez,1
3290,acP,aIY,1
3291,acS,CD,3
3292,acS,avU,1
3293,acT,aNl,1
3294,acT,ta,1
3295,acU,wU,7
3296,acW,Lm,1
3297,acX,agl,1
3298,acY,yO,1
3299,acZ,ke,1
3300,acZ,AC,7
3301,ada,eu,1
3302,ada,amY,1
3303,ada,YB,1
3304,adb,Rb,1
3305,adc,rt,7
3306,adc,aAs,1
3307,adc,aKl,7
3308,add,xT,1
3309,adf,aIM,1
3310,adh,cJ,1
3311,adh,on,1
3312,adi,adm,1
3313,adi,aMT,1
3314,adj,Vo,7
3315,adk,IC,7
3316,adk,azT,7
3317,adl,hu,1
3318,adl,JW,1
3319,adn,ais,1
3320,adn,pg,1
3321,adn,Un,1
3322,ado,iB,7
3323,ado,aLK,1
3324,adq,SQ,1
3325,adq,rZ,7
3326,adr,aGi,1
3327,adr,aul,1
3328,ads,td,1
3329,ads,aCk,1
3330,adu,aaK,1
3331,adv,AT,1
3332,adw,H,7
3333,adz,aKa,1
3334,adB,aBr,7
3335,adC,acC,7
3336,adC,hP,1
3337,adD,Xv,1
3338,adD,abD,1
3339,adE,Ol,1
3340,adH,kM,1
3341,adI,aGr,1
3342,adJ,aBD,7
3343,adK,jp,2
3344,adK,Ee,7
3345,adL,avw,7
3346,adL,adf,1
3347,adM,aDY,7
3348,adN,DP,1
3349,adO,ajG,1
3350,adP,awI,7
3351,adQ,MV,7
3352,adR,OD,1
3353,adR,Su,1
3354,adR,act,1
3355,adS,Jj,1
3356,adT,RT,1
3357,adU,LB,1
3358,adV,Iu,1
3359,adV,aEh,2
3360,adW,avs,7
3361,adX,Cl,1
3362,adY,aIc,1
3363,adY,aos,1
3364,adZ,mB,1
3365,adZ,axP,1
3366,aea,Su,1
3367,aea,YG,1
3368,aeb,oe,7
3369,aeb,auj,1
3370,aec,UW,7
3371,aed,ajR,1
3372,aee,aId,1
3373,aee,atO,7
3374,aef,nt,1
3375,aef,Ld,1
3376,aef,tX,1
3377,aeg,avX,7
3378,aeg,kH,7
3379,aeh,kF,1
3380,aei,avl,1
3381,aej,R,7
3382,aeo,cr,1
3383,aeq,uf,1
3384,aes,Xx,7
3385,aet,NQ,1
3386,aeu,NI,1
3387,aew,aHp,7
3388,aex,azH,1
3389,aey,dF,7
3390,aez,eo,1
3391,aez,aFE,1
3392,aeA,Og,1
3393,aeB,avR,1
3394,aeD,aju,7
3395,aeE,alE,7
3396,aeF,Rn,7
3397,aeF,cJ,1
3398,aeH,dL,1
3399,aeI,aHY,7
3400,aeJ,UI,1
3401,aeJ,m,1
3402,aeJ,XZ,1
3403,aeK,azT,7
3404,aeP,I,1
3405,aeR,mw,1
3406,aeT,WU,7
3407,aeT,SU,1
3408,aeU,aoI,1
3409,aeU,qa,1
3410,aeV,aGC,1
3411,aeV,aLZ,1
3412,aeW,fB,1
3413,aeX,atk,2
3414,afb,aKz,1
3415,afb,VA,7
3416,afc,ajF,1
3417,afc,aCN,1
3418,afd,CX,1
3419,afd,akZ,1
3420,aff,abV,7
3421,afg,fj,7
3422,afg,nl,7
3423,afg,amW,7
3424,afh,aNs,1
3425,afh,yQ,1
3426,afh,asF,3
3427,afj,awT,7
3428,afj,eU,7
3429,afj,asa,1
3430,afk,abi,2
3431,afl,aFa,1
3432,afo,Ev,7
3433,afo,aMx,7
3434,afq,acd,7
3435,afr,aqM,1
3436,afr,CO,7
3437,afs,rd,1
3438,aft,asb,1
3439,afu,bi,7
3440,afu,Ap,7
3441,afu,aLJ,1
3442,afu,Tu,7
3443,afv,qE,7
3444,afw,lW,2
3445,afx,cP,7
3446,afx,fe,1
3447,afy,gH,7
3448,afy,apK,7
3449,afz,qY,1
3450,afA,XP,1
3451,afB,awG,1
3452,afC,amG,1
3453,afD,avd,7
3454,afD,Uq,1
3455,afD,aoM,1
3456,afE,xa,2
3457,afE,ZL,7
3458,afE,h,1
3459,afG,avW,7
3460,afG,aDi,1
3461,afI,awO,7
3462,afJ,fE,7
3463,afK,aMp,1
3464,afK,Kh,2
3465,afM,Xh,2
3466,afN,axD,1
3467,afN,aNE,1
3468,afN,gr,1
3469,afO,aHI,1
3470,afP,aAd,1
3471,afQ,aOF,1
3472,afS,atl,7
3473,afT,Ku,2
3474,afU,HE,7
3475,afU,aOi,7
3476,afV,hQ,1
3477,afW,Bb,1
3478,afW,qC,1
3479,afX,vh,3
3480,afY,aed,7
3481,afY,xs,7
3482,afZ,jH,1
3483,afZ,aGx,1
3484,aga,aoU,7
3485,agb,aiE,1
3486,agb,FV,7
3487,agc,mE,7
3488,agc,afk,7
3489,agd,qy,7
3490,age,tv,1
3491,agf,Qb,7
3492,agg,Dn,1
3493,agh,iR,1
3494,agi,aMe,7
3495,agj,aws,1
3496,agj,afC,1
3497,agk,afr,1
3498,agl,dX,1
3499,agl,lX,1
3500,agl,auV,1
3501,ago,ani,7
3502,agr,Xn,1
3503,agr,QA,1
3504,ags,jF,1
3505,agt,aIn,1
3506,agt,un,2
3507,agv,atA,1
3508,agv,yp,2
3509,agy,Pa,1
3510,agA,Ge,7
3511,agA,ai,7
3512,agB,I,1
3513,agB,aBD,7
3514,agC,aqo,1
3515,agD,aem,1
3516,agD,aCW,1
3517,agD,xv,1
3518,agE,aV,1
3519,agF,axh,2
3520,agF,PG,7
3521,agG,Sq,7
3522,agG,uZ,1
3523,agI,xq,1
3524,agI,Iz,1
3525,agK,aIY,1
3526,agL,aoB,7
3527,agL,akZ,1
3528,agN,EU,1
3529,agR,aGM,1
3530,agS,aHT,1
3531,agS,GV,1
3532,agT,abx,1
3533,agT,UC,1
3534,agU,RW,7
3535,agU,ec,7
3536,agW,By,1
3537,agW,QY,7
3538,agW,awy,1
3539,agY,aBX,1
3540,aha,atn,1
3541,ahb,axA,7
3542,ahc,asO,7
3543,ahd,Ug,1
3544,ahe,aAO,7
3545,ahe,aHL,7
3546,ahe,adC,1
3547,ahf,ayA,1
3548,ahf,rx,1
3549,ahg,aGx,1
3550,ahg,tS,1
3551,ahh,alA,7
3552,ahh,aEm,7
3553,ahi,pb,1
3554,ahj,oB,7
3555,ahk,KW,1
3556,ahk,zn,7
3557,ahl,aKx,1
3558,ahl,CN,1
3559,ahl,AT,1
3560,ahm,aBt,1
3561,ahm,aBG,1
3562,ahn,eo,1
3563,ahr,Zi,1
3564,ahs,aHe,1
3565,ahs,awx,1
3566,ahu,RL,1
3567,ahu,aex,7
3568,ahv,rD,1
3569,ahv,azB,1
3570,ahv,pB,1
3571,ahw,tM,1
3572,ahw,Qp,1
3573,ahw,ayN,1
3574,ahx,Al,7
3575,ahx,xA,5
3576,ahx,qS,7
3577,ahx,cE,1
3578,ahy,adY,1
3579,ahy,asT,1
3580,ahy,ake,1
3581,ahz,KC,1
3582,ahz,t,1
3583,ahz,axt,1
3584,ahB,amu,1
3585,ahB,Ts,1
3586,ahD,aOC,7
3587,ahD,g,7
3588,ahE,rJ,7
3589,ahE,pW,7
3590,ahE,ajt,7
3591,ahG,aKg,1
3592,ahG,XY,1
3593,ahH,aGc,2
3594,ahH,ajF,1
3595,ahH,dM,1
3596,ahI,aqb,1
3597,ahJ,XF,1
3598,ahK,aJZ,1
3599,ahK,ahv,1
3600,ahL,yM,1
3601,ahL,aBX,1
3602,ahL,aLe,1
3603,ahM,pM,1
3604,ahM,bF,1
3605,ahQ,arD,1
3606,ahS,Jk,1
3607,ahS,anR,1
3608,ahU,WR,1
3609,ahU,Sy,2
3610,ahU,ajq,7
3611,ahV,amZ,1
3612,ahX,KE,3
3613,ahY,cP,7
3614,ahZ,alO,1
3615,ahZ,Lt,2
3616,aia,Yv,7
3617,aia,aom,1
3618,aib,rt,7
3619,aib,aGG,1
3620,aib,db,7
3621,aic,yz,1
3622,aic,aty,1
3623,aid,hB,1
3624,aid,pr,1
3625,aie,azk,7
3626,aif,Ci,1
3627,aif,PP,2
3628,aif,yQ,1
3629,aih,amZ,1
3630,aih,aHv,7
3631,aij,uw,1
3632,aij,afi,7
3633,ail,aMm,1
3634,ail,CF,1
3635,ain,IO,1
3636,aio,bP,1
3637,aio,qT,1
3638,aip,aAa,1
3639,aip,lM,1
3640,aiq,aFR,1
3641,air,aHK,1
3642,ait,abZ,1
3643,aiv,EG,1
3644,aiw,sz,1
3645,aiw,Wn,1
3646,aix,qa,1
3647,aiz,Ih,1
3648,aiz,auB,1
3649,aiz,aBz,1
3650,aiA,aog,1
3651,aiB,Ap,1
3652,aiB,aJH,1
3653,aiC,aFr,1
3654,aiC,DV,1
3655,aiD,aMm,1
3656,aiE,BG,1
3657,aiF,dn,1
3658,aiF,aEh,3
3659,aiG,alw,1
3660,aiG,FZ,1
3661,aiH,Na,7
3662,aiI,aMp,1
3663,aiI,aIf,1
3664,aiJ,aBx,1
3665,aiK,asi,1
3666,aiK,ajn,1
3667,aiL,Vb,7
3668,aiM,apD,1
3669,aiM,apK,7
3670,aiN,tP,2
3671,aiN,aJK,1
3672,aiN,aFX,1
3673,aiO,bv,7
3674,aiQ,aqk,1
3675,aiR,xv,1
3676,aiS,aEC,1
3677,aiT,ajB,1
3678,aiT,zC,1
3679,aiV,Ui,1
3680,aiV,lG,1
3681,aiW,all,7
3682,aiX,axT,1
3683,aiY,aHw,1
3684,aiZ,azN,7
3685,aja,DI,1
3686,ajc,amP,7
3687,ajd,wK,1
3688,aje,xP,7
3689,ajf,Um,1
3690,ajf,FY,1
3691,ajf,sk,1
3692,ajg,ajy,7
3693,ajh,ayl,1
3694,aji,JB,1
3695,aji,HT,1
3696,ajj,yx,1
3697,ajj,mi,1
3698,ajk,aya,7
3699,ajl,Dn,1
3700,ajl,kz,1
3701,ajl,avj,1
3702,ajl,RA,7
3703,ajp,fa,7
3704,ajr,Jn,3
3705,ajr,Ej,2
3706,ajs,JN,1
3707,ajs,aGz,1
3708,ajt,agj,1
3709,ajt,aGV,1
3710,aju,e,1
3711,ajx,axL,7
3712,ajz,aIs,1
3713,ajA,Jj,1
3714,ajB,iy,1
3715,ajC,abq,1
3716,ajC,YL,1
3717,ajE,vR,1
3718,ajE,pL,1
3719,ajF,qN,1
3720,ajF,tE,2
3721,ajG,ark,1
3722,ajG,Av,1
3723,ajI,WZ,1
3724,ajK,NP,1
3725,ajK,MC,7
3726,ajL,uX,1
3727,ajM,RQ,1
3728,ajN,aoM,1
3729,ajN,fv,1
3730,ajO,awS,1
3731,ajQ,akn,1
3732,ajS,aiH,1
3733,ajU,aEN,1
3734,ajV,au,1
3735,ajV,aBO,1
3736,ajW,UI,1
3737,ajX,atp,1
3738,ajX,sc,1
3739,ajX,aAH,1
3740,ajZ,YP,1
3741,aka,aGx,1
3742,aka,Lp,1
3743,akb,aln,7
3744,akc,agm,1
3745,akc,awg,1
3746,akd,TJ,2
3747,ake,KN,7
3748,akg,rl,7
3749,akh,agF,7
3750,aki,adm,7
3751,aki,Rp,7
3752,akj,jZ,7
3753,akl,awH,7
3754,akm,FH,1
3755,akn,akD,3
3756,akn,auM,1
3757,akp,aIv,1
3758,akp,a,1
3759,akp,Km,1
3760,akr,SP,1
3761,aks,ato,7
3762,akt,ajx,7
3763,akt,Ws,1
3764,aku,auP,1
3765,aku,nv,1
3766,akv,aGq,1
3767,akw,UD,1
3768,aky,aav,7
3769,aky,Pe,7
3770,aky,ahj,7
3771,akz,aoY,7
3772,akz,NP,1
3773,akA,xM,7
3774,akA,ajj,1
3775,akB,Nn,1
3776,akC,rO,2
3777,akD,vk,7
3778,akE,HZ,7
3779,akE,apo,1
3780,akE,aiu,1
3781,akF,aaR,1
3782,akF,aDX,1
3783,akI,aLB,7
3784,akJ,Bm,7
3785,akK,Oc,1
3786,akL,aae,7
3787,akM,if,7
3788,akM,wj,7
3789,akP,apI,7
3790,akQ,ey,7
3791,akR,hL,1
3792,akR,qH,1
3793,akR,aMe,1
3794,akS,sI,1
3795,akT,aBB,7
3796,akU,Sf,1
3797,akU,OS,1
3798,akX,amQ,1
3799,akX,aju,7
3800,akZ,LS,7
3801,ala,abb,1
3802,alb,axG,1
3803,alb,IO,1
3804,alc,rx,1
3805,ald,Nb,1
3806,ale,OD,1
3807,alg,nu,3
3808,alg,zX,1
3809,alh,aCe,1
3810,alj,acs,1
3811,alj,tv,1
3812,alk,Bs,1
3813,all,alZ,7
3814,alm,WR,1
3815,alm,Rf,2
3816,aln,acQ,1
3817,alo,Vr,7
3818,alq,lu,3
3819,alr,aAg,7
3820,als,fR,2
3821,als,arC,7
3822,als,aJE,1
3823,alt,hP,1
3824,alu,aIm,1
3825,alv,ya,7
3826,alz,avo,7
3827,alB,adv,1
3828,alB,ex,1
3829,alG,ns,1
3830,alG,LC,1
3831,alG,abq,1
3832,alH,mY,1
3833,alJ,uC,1
3834,alK,alz,2
3835,alL,pz,1
3836,alM,nE,1
3837,alN,aHh,3
3838,alN,aNO,3
3839,alN,hM,1
3840,alO,awB,7
3841,alP,aJs,1
3842,alR,awT,7
3843,alS,aGU,1
3844,alT,aW,7
3845,alU,atc,1
3846,alV,auG,7
3847,alV,aMc,1
3848,alY,qO,3
3849,alY,atq,3
3850,alY,wQ,1
3851,amb,alZ,7
3852,amc,FP,1
3853,amd,Zh,1
3854,ame,yY,3
3855,ame,aNj,1
3856,ame,pK,1
3857,amf,Os,7
3858,amf,Cy,7
3859,amg,up,1
3860,amg,Ki,7
3861,amh,zl,1
3862,ami,Mr,1
3863,ami,ph,1
3864,amj,ko,7
3865,amk,pV,1
3866,amk,tW,1
3867,aml,awU,1
3868,aml,Vu,7
3869,amn,aqa,1
3870,amp,pr,1
3871,amr,afo,7
3872,amr,Va,1
3873,amr,KI,1
3874,amt,Cw,7
3875,amu,aCH,2
3876,amv,Mn,2
3877,amv,Sj,3
3878,amv,aLM,2
3879,amy,aoF,1
3880,amz,Xw,1
3881,amA,zx,1
3882,amE,aBX,1
3883,amE,Sp,1
3884,amE,MX,1
3885,amF,aCC,1
3886,amG,aii,3
3887,amK,adn,1
3888,amK,DQ,1
3889,amL,aBL,1
3890,amL,aaE,7
3891,amM,aAA,7
3892,amM,acd,7
3893,amN,Dc,7
3894,amO,MO,1
3895,amO,Mn,1
3896,amO,agh,7
3897,amP,EP,7
3898,amQ,aCD,7
3899,amQ,kY,1
3900,amR,nu,1
3901,amR,aEo,1
3902,amS,aBr,7
3903,amU,aIH,7
3904,amU,aMt,1
3905,amV,afk,1
3906,amV,cj,1
3907,amW,CG,7
3908,amW,Gw,1
3909,amW,FW,7
3910,amX,aGe,1
3911,amX,BX,3
3912,amY,aCq,1
3913,amZ,Ax,1
3914,amZ,sA,1
3915,ana,KA,7
3916,anb,abp,1
3917,anc,K,1
3918,and,aFM,1
3919,ane,aHr,1
3920,anf,WI,3
3921,ang,RP,1
3922,ang,aiE,1
3923,anh,nO,3
3924,anh,Gp,7
3925,ani,zC,1
3926,ank,cP,7
3927,ano,axT,1
3928,anq,iu,1
3929,anq,zh,1
3930,anq,aOi,7
3931,anr,gj,1
3932,anr,sP,1
3933,ans,avq,7
3934,ans,abB,7
3935,ant,amG,1
3936,ant,Zi,1
3937,ant,VG,7
3938,anv,cH,1
3939,anx,fX,2
3940,anx,mO,1
3941,any,aiD,1
3942,any,aCE,1
3943,anz,ahO,3
3944,anA,aLi,1
3945,anB,ahN,1
3946,anB,api,7
3947,anD,kv,7
3948,anF,Jk,1
3949,anF,TX,1
3950,anI,aqH,1
3951,anI,bv,7
3952,anJ,Qj,1
3953,anK,UW,7
3954,anK,aon,2
3955,anK,ato,7
3956,anL,aml,1
3957,anL,acU,2
3958,anL,Ht,1
3959,anM,kJ,1
3960,anM,aGY,1
3961,anN,aBN,1
3962,anO,Bo,1
3963,anO,MJ,1
3964,anP,aCM,7
3965,anR,Zq,1
3966,anR,aHM,7
3967,anR,aJw,1
3968,anU,XI,1
3969,anV,fG,7
3970,anV,we,7
3971,anX,qQ,3
3972,anX,atB,1
3973,anX,apo,3
3974,anY,IB,1
3975,aob,aKC,1
3976,aob,Qn,3
3977,aob,ml,1
3978,aoc,anQ,1
3979,aod,abB,7
3980,aoe,Sm,1
3981,aoe,aLg,1
3982,aof,ajP,1
3983,aof,nN,1
3984,aoi,aLK,1
3985,aoj,aIf,1
3986,aok,afs,1
3987,aok,iP,1
3988,aol,hG,1
3989,aol,aiq,7
3990,aol,RP,1
3991,aon,ayW,1
3992,aon,He,1
3993,aon,TF,1
3994,aoo,acN,1
3995,aop,xK,1
3996,aor,Dz,2
3997,aor,it,3
3998,aot,rE,1
3999,aow,aDb,1
4000,aox,lX,1
4001,aox,Bn,1
4002,aoy,LH,7
4003,aoy,aeD,1
4004,aoz,EF,1
4005,aoA,aMM,3
4006,aoA,oR,7
4007,aoB,aEO,1
4008,aoB,ajh,1
4009,aoB,fD,1
4010,aoC,xX,7
4011,aoD,EM,1
4012,aoD,alL,1
4013,aoE,Ig,7
4014,aoF,auB,1
4015,aoG,aqr,7
4016,aoI,jM,1
4017,aoI,azY,1
4018,aoK,aed,7
4019,aoL,arF,1
4020,aoL,aB,1
4021,aoM,zm,1
4022,aoM,aLN,1
4023,aoN,axb,7
4024,aoN,TM,7
4025,aoP,Vk,7
4026,aoP,CF,1
4027,aoQ,XH,1
4028,aoR,Ym,7
4029,aoS,app,1
4030,aoT,DK,1
4031,aoU,EP,7
4032,aoV,Og,1
4033,aoW,ak,3
4034,aoW,aLR,7
4035,aoY,aMP,7
4036,aoZ,oY,1
4037,apa,asz,1
4038,apb,tU,1
4039,apb,afk,1
4040,apc,RB,1
4041,apd,ey,1
4042,ape,aKn,1
4043,apf,agE,7
4044,apg,DW,1
4045,apg,aaV,1
4046,aph,aMH,1
4047,api,NJ,1
4048,apk,tc,1
4049,apl,alO,1
4050,apm,Yu,1
4051,app,HF,7
4052,apq,aHH,7
4053,apq,aem,1
4054,apr,RB,1
4055,aps,azY,1
4056,aps,at,1
4057,aps,ajN,1
4058,apt,aJX,7
4059,apt,sn,7
4060,apu,cu,1
4061,apu,Tp,1
4062,apv,aND,1
4063,apv,VU,7
4064,apw,aFQ,1
4065,apw,avG,1
4066,apw,aIp,1
4067,apx,Cf,7
4068,apx,aIM,1
4069,apx,Lu,1
4070,apy,Hk,3
4071,apz,Kd,7
4072,apz,hr,1
4073,apz,aER,3
4074,apA,xr,1
4075,apA,FV,7
4076,apC,xL,7
4077,apF,kf,1
4078,apF,Zz,3
4079,apF,arZ,1
4080,apF,Vd,1
4081,apG,Kl,7
4082,apG,yo,1
4083,apH,uu,7
4084,apK,nl,7
4085,apO,aav,7
4086,apQ,DH,3
4087,apQ,fA,1
4088,apQ,jp,3
4089,apR,acG,7
4090,apS,auu,3
4091,apS,aMH,3
4092,apS,aha,1
4093,apS,agd,2
4094,apT,HI,7
4095,apV,MM,2
4096,apV,aCR,1
4097,apV,arW,2
4098,apZ,Py,1
4099,apZ,Lh,1
4100,aqb,aFw,1
4101,aqb,aKC,1
4102,aqc,GU,7
4103,aqd,Vr,7
4104,aqf,aHe,1
4105,aqf,Ga,7
4106,aqh,dk,1
4107,aqh,aIR,1
4108,aqi,FJ,1
4109,aqj,aas,7
4110,aqk,acA,1
4111,aql,asp,1
4112,aql,Fq,1
4113,aqn,FY,1
4114,aqn,v,1
4115,aqp,Lh,1
4116,aqp,If,1
4117,aqq,ah,1
4118,aqr,YD,1
4119,aqs,VW,1
4120,aqt,XD,1
4121,aqt,arP,1
4122,aqv,atm,1
4123,aqw,axL,7
4124,aqx,ary,7
4125,aqx,kw,7
4126,aqx,amS,1
4127,aqy,aMd,1
4128,aqA,rJ,7
4129,aqA,Wb,7
4130,aqB,aAq,7
4131,aqB,aJz,7
4132,aqC,avm,1
4133,aqC,fs,1
4134,aqC,aoG,1
4135,aqD,qf,3
4136,aqD,pk,1
4137,aqE,ZW,1
4138,aqF,oN,1
4139,aqG,aJb,1
4140,aqG,xt,1
4141,aqH,zG,1
4142,aqI,cA,7
4143,aqJ,cU,2
4144,aqJ,hC,7
4145,aqK,aCy,7
4146,aqN,xn,1
4147,aqP,ank,1
4148,aqP,aR,2
4149,aqQ,aAH,1
4150,aqR,aGh,3
4151,aqR,mX,1
4152,aqR,amQ,1
4153,aqS,pX,2
4154,aqS,aEO,1
4155,aqS,ajZ,1
4156,aqU,cM,1
4157,aqU,SC,1
4158,aqW,dL,1
4159,aqY,MN,1
4160,aqZ,aqk,1
4161,ara,Il,7
4162,arc,Dc,1
4163,arc,asz,1
4164,ard,aLY,7
4165,arf,Jc,7
4166,arf,aAB,7
4167,arf,Bh,7
4168,arg,vZ,1
4169,arh,jN,1
4170,arh,LP,1
4171,arh,RE,1
4172,arj,aNW,1
4173,ark,uR,1
4174,arl,aDw,1
4175,arm,aHv,7
4176,arn,GQ,1
4177,arn,Cx,7
4178,arr,atZ,7
4179,arr,YB,1
4180,ars,afa,1
4181,art,amn,1
4182,arv,YI,7
4183,ary,bB,7
4184,ary,aEm,7
4185,arz,eD,1
4186,arz,HD,2
4187,arB,aqr,7
4188,arC,IO,1
4189,arC,HC,1
4190,arD,hZ,1
4191,arF,Bn,1
4192,arH,rL,7
4193,arH,OE,7
4194,arK,aqn,7
4195,arM,ats,1
4196,arN,aCL,1
4197,arP,asC,7
4198,arQ,xU,7
4199,arR,aFJ,1
4200,arR,sR,1
4201,arS,aeG,1
4202,arS,avr,7
4203,arT,lw,1
4204,arT,aFK,1
4205,arT,HC,1
4206,arU,ew,7
4207,arU,amN,7
4208,arV,Qd,7
4209,arW,acU,1
4210,arX,lH,1
4211,arX,tC,1
4212,arY,ph,1
4213,arY,asC,7
4214,arZ,pU,1
4215,asa,LC,1
4216,asa,eB,1
4217,asa,aGi,1
4218,asb,aE,7
4219,asb,alc,7
4220,ase,aDS,7
4221,ase,yV,7
4222,ase,aMN,7
4223,asf,DV,1
4224,asg,RK,7
4225,ash,yV,7
4226,asj,Jl,1
4227,asj,aiw,7
4228,asj,Pc,1
4229,ask,ayA,1
4230,ask,Vg,1
4231,asl,ail,7
4232,asm,aNM,7
4233,asn,Ef,7
4234,asn,PY,7
4235,asp,fA,1
4236,asq,RN,7
4237,asq,Wj,1
4238,asq,yj,7
4239,asr,Ma,1
4240,asr,dB,1
4241,asr,Zb,1
4242,ass,ur,7
4243,asu,nL,7
4244,asv,jV,1
4245,asv,vZ,1
4246,asy,afZ,1
4247,asy,apR,1
4248,asB,nE,1
4249,asB,Ts,1
4250,asC,anP,1
4251,asC,alw,1
4252,asE,wM,7
4253,asF,aCu,1
4254,asG,vF,1
4255,asG,Up,1
4256,asI,Dg,7
4257,asI,adQ,1
4258,asJ,UB,1
4259,asK,anY,1
4260,asL,uo,1
4261,asM,aCv,1
4262,asM,abp,1
4263,asP,Yd,1
4264,asR,Sm,1
4265,asS,aOh,1
4266,asV,Mh,1
4267,asW,i,7
4268,asX,avk,1
4269,asY,WW,1
4270,asZ,RC,1
4271,asZ,awi,1
4272,ata,avy,1
4273,ata,CW,1
4274,atb,on,3
4275,atd,atH,1
4276,atd,dA,1
4277,ate,Xm,7
4278,ate,aCR,7
4279,atf,aau,1
4280,atg,tH,1
4281,atg,rp,1
4282,atj,FA,1
4283,atj,ang,1
4284,atj,KV,1
4285,atl,zG,1
4286,atl,ass,1
4287,atl,apG,7
4288,atm,gG,1
4289,atm,amn,1
4290,atn,apq,3
4291,atn,iM,1
4292,ato,agE,7
4293,atp,zo,2
4294,atp,xn,1
4295,atq,azO,1
4296,atr,UJ,1
4297,atr,Mz,7
4298,ats,xR,1
4299,ats,aEk,1
4300,att,ad,1
4301,att,mb,1
4302,atu,aEa,1
4303,atu,Xl,1
4304,atu,agy,7
4305,atw,S,7
4306,atw,gU,7
4307,atx,acW,1
4308,atz,ahP,7
4309,atz,aBo,7
4310,atA,Dt,2
4311,atA,YU,1
4312,atA,aGx,2
4313,atB,LD,7
4314,atE,acR,1
4315,atG,GP,7
4316,atH,aOH,1
4317,atI,aAg,7
4318,atL,VE,1
4319,atN,pY,1
4320,atN,aqM,1
4321,atO,acU,2
4322,atO,UM,1
4323,atO,anh,7
4324,atP,vq,7
4325,atR,To,1
4326,atR,akL,1
4327,atR,ayJ,1
4328,atR,aMD,3
4329,atS,aen,1
4330,atS,sC,1
4331,atT,UR,7
4332,atV,kQ,7
4333,atW,ajs,1
4334,atY,fI,1
4335,aua,JT,1
4336,aub,DO,2
4337,aub,atW,1
4338,aub,aog,1
4339,aub,aCG,2
4340,auc,Bd,7
4341,auc,cW,1
4342,aue,aem,1
4343,aug,abq,7
4344,auh,aDR,1
4345,auh,pq,1
4346,aui,QS,1
4347,aui,aoa,1
4348,auk,hO,7
4349,auk,Jm,1
4350,aum,aBU,1
4351,aun,XM,1
4352,aun,XP,1
4353,aun,up,1
4354,auo,aAU,1
4355,auo,avy,7
4356,auo,sm,1
4357,aup,VE,1
4358,auq,aub,1
4359,aur,aqY,2
4360,aur,aK,1
4361,aut,afB,1
4362,aut,ani,7
4363,auu,aIb,7
4364,auv,aoN,1
4365,auw,aGt,7
4366,auy,mS,1
4367,auz,iW,2
4368,auz,aGC,3
4369,auA,EB,1
4370,auA,aEW,7
4371,auB,BY,1
4372,auB,Rr,1
4373,auC,ZV,1
4374,auD,bb,7
4375,auH,aOz,1
4376,auH,qL,2
4377,auI,EH,1
4378,auI,YH,1
4379,auJ,mo,7
4380,auM,aAg,7
4381,auM,Re,1
4382,auN,atK,1
4383,auP,aMb,1
4384,auP,oD,1
4385,auP,aKv,7
4386,auQ,nu,1
4387,auS,akc,1
4388,auT,DS,1
4389,auT,JG,7
4390,auU,Vs,3
4391,auU,tX,1
4392,auV,OX,7
4393,auY,ajk,1
4394,auZ,aFE,1
4395,auZ,aGF,1
4396,ava,afp,1
4397,avb,cr,1
4398,avc,Lb,7
4399,avd,aHT,1
4400,ave,ii,1
4401,ave,JD,2
4402,avf,yW,1
4403,avg,aBO,1
4404,avg,Ll,3
4405,avg,fn,3
4406,avh,xH,1
4407,avi,BE,1
4408,avj,Zj,1
4409,avm,Uz,1
4410,avm,aCJ,1
4411,avo,afP,1
4412,avp,akx,1
4413,avr,SZ,1
4414,avs,Jt,1
4415,avt,jv,1
4416,avt,aDc,1
4417,avv,aDd,1
4418,avv,sK,1
4419,avy,XC,1
4420,avz,dm,1
4421,avA,Mf,1
4422,avA,IH,1
4423,avB,afA,1
4424,avB,aDV,1
4425,avC,arL,1
4426,avC,Dq,7
4427,avD,if,7
4428,avE,aCN,1
4429,avE,dg,1
4430,avG,avw,7
4431,avH,arD,1
4432,avH,Zo,1
4433,avI,Sx,1
4434,avI,uQ,2
4435,avJ,aBE,1
4436,avK,fJ,2
4437,avK,abz,3
4438,avL,wl,1
4439,avN,wH,3
4440,avN,acp,1
4441,avP,ajj,1
4442,avQ,rA,1
4443,avR,Ul,7
4444,avR,GA,7
4445,avS,qt,7
4446,avT,Ru,1
4447,avT,li,7
4448,avT,acl,7
4449,avU,ER,7
4450,avU,vv,1
4451,avW,qx,1
4452,avW,anE,1
4453,avX,apN,1
4454,avX,JC,1
4455,avY,el,1
4456,avY,uz,7
4457,avZ,amo,1
4458,awa,xp,1
4459,awa,agB,7
4460,awc,arn,1
4461,awc,amd,1
4462,awc,ass,1
4463,awe,hi,7
4464,awg,afa,1
4465,awi,lt,1
4466,awi,Gs,1
4467,awi,aqD,1
4468,awk,gj,1
4469,awl,aDn,1
4470,awl,to,1
4471,awl,amQ,1
4472,awm,ag,1
4473,awn,adv,1
4474,awo,arM,7
4475,awq,aLq,7
4476,awq,ET,7
4477,awr,dn,1
4478,awr,afK,1
4479,awt,zd,7
4480,awu,ahF,1
4481,awv,mQ,1
4482,aww,wD,1
4483,awx,ajw,1
4484,awy,aeI,7
4485,awy,pf,1
4486,awA,sD,7
4487,awA,arz,7
4488,awB,aip,1
4489,awB,RG,1
4490,awB,ayq,1
4491,awC,atR,1
4492,awD,aze,7
4493,awD,aDn,1
4494,awE,ai,7
4495,awE,qE,1
4496,awF,bv,7
4497,awG,yh,7
4498,awH,acA,2
4499,awH,alD,7
4500,awI,axK,1
4501,awJ,acJ,1
4502,awJ,awe,1
4503,awL,UV,1
4504,awL,aAQ,1
4505,awM,XU,1
4506,awM,vy,1
4507,awN,GM,1
4508,awO,zV,7
4509,awO,Zp,1
4510,awP,xW,7
4511,awQ,ajN,1
4512,awQ,Mv,7
4513,awR,abH,1
4514,awR,aru,1
4515,awT,alU,1
4516,awT,amo,3
4517,awT,Ks,1
4518,awU,aBF,7
4519,awV,agm,7
4520,awW,sa,1
4521,awW,aqK,1
4522,awZ,Iu,7
4523,axa,azT,7
4524,axb,aeg,7
4525,axd,GL,2
4526,axd,Rz,7
4527,axd,aao,1
4528,axe,ti,1
4529,axe,nP,1
4530,axe,Em,1
4531,axg,G,7
4532,axg,avR,7
4533,axi,zd,7
4534,axi,yn,7
4535,axj,aFj,1
4536,axk,adY,1
4537,axk,pq,1
4538,axm,aFy,1
4539,axm,OD,1
4540,axn,agY,1
4541,axo,xa,2
4542,axp,abH,1
4543,axp,aaV,1
4544,axr,nl,7
4545,axt,Co,7
4546,axu,TI,2
4547,axu,la,3
4548,axu,uk,1
4549,axv,aBn,1
4550,axz,Rc,7
4551,axz,Qc,1
4552,axA,ani,7
4553,axB,kp,1
4554,axE,WY,1
4555,axE,aoQ,1
4556,axE,adV,1
4557,axF,nc,3
4558,axJ,abe,7
4559,axJ,aaN,1
4560,axM,aq,7
4561,axM,agT,1
4562,axN,Tu,7
4563,axN,vv,1
4564,axO,nB,1
4565,axO,eG,1
4566,axO,aGo,1
4567,axP,Bg,1
4568,axP,aKL,1
4569,axQ,qb,1
4570,axS,ajV,7
4571,axT,iZ,7
4572,axU,L,1
4573,axU,Yu,7
4574,axV,abi,1
4575,axY,GW,1
4576,axY,Ef,7
4577,axY,dk,1
4578,ayb,VM,1
4579,ayc,rf,1
4580,ayd,jz,1
4581,ayd,no,1
4582,aye,sV,7
4583,aye,agT,1
4584,ayf,aNd,1
4585,ayh,aaI,1
4586,ayh,aOk,2
4587,ayk,aEQ,7
4588,ayl,azm,1
4589,ayl,aol,7
4590,aym,aek,7
4591,ayo,FC,7
4592,ayo,azl,1
4593,ayp,aKS,1
4594,ayq,dF,7
4595,ayr,Ji,1
4596,ayu,aJZ,7
4597,ayu,awB,7
4598,ayu,iQ,7
4599,ayv,fv,1
4600,ayv,RW,7
4601,ayx,arR,7
4602,ayy,TG,1
4603,ayz,aHD,7
4604,ayz,aHj,1
4605,ayA,aIj,7
4606,ayA,anv,7
4607,ayC,LC,1
4608,ayC,aoX,2
4609,ayD,Tk,1
4610,ayH,aAP,1
4611,ayH,dP,1
4612,ayJ,atj,7
4613,ayK,ex,1
4614,ayK,akJ,1
4615,ayM,aEN,1
4616,ayM,aMt,1
4617,ayP,aod,1
4618,ayQ,afG,1
4619,ayS,Pk,7
4620,ayT,iS,1
4621,ayU,ey,1
4622,ayU,Ep,1
4623,ayV,wV,1
4624,ayW,tk,1
4625,ayY,amj,1
4626,ayY,alZ,7
4627,ayZ,zZ,1
4628,azb,VF,1
4629,azb,aKQ,1
4630,azc,as,1
4631,azd,tG,1
4632,azd,rP,1
4633,aze,WD,2
4634,aze,CE,2
4635,azf,azZ,1
4636,azf,agQ,2
4637,azh,aIN,7
4638,azj,YE,1
4639,azj,Ah,7
4640,azl,aMg,2
4641,azl,Ek,2
4642,azm,HA,7
4643,azp,aGz,1
4644,azq,Uy,7
4645,azs,aLZ,2
4646,azs,aov,1
4647,azt,aNT,1
4648,azu,lj,1
4649,azv,WF,1
4650,azw,YB,1
4651,azx,os,2
4652,azx,aGa,1
4653,azy,agg,1
4654,azz,Wh,3
4655,azz,rP,1
4656,azA,aim,1
4657,azA,afE,1
4658,azB,akF,1
4659,azC,axW,1
4660,azD,aFQ,1
4661,azE,aAK,1
4662,azF,I,1
4663,azG,nB,7
4664,azG,pO,1
4665,azH,lX,1
4666,azI,ok,1
4667,azI,Sf,1
4668,azI,azh,1
4669,azJ,abp,2
4670,azJ,lW,3
4671,azJ,aLU,1
4672,azK,aom,1
4673,azL,age,7
4674,azL,RR,7
4675,azM,azK,7
4676,azM,Iv,7
4677,azN,nn,1
4678,azN,nY,1
4679,azP,hi,7
4680,azQ,fg,1
4681,azR,arv,7
4682,azS,aNg,7
4683,azT,wL,1
4684,azT,ahE,7
4685,azV,Kk,1
4686,azW,aGX,1
4687,azX,aqg,1
4688,azX,Cp,1
4689,azY,Ed,7
4690,azY,bI,1
4691,azZ,WV,7
4692,azZ,aNl,1
4693,aAa,awR,1
4694,aAa,yo,1
4695,aAd,TT,1
4696,aAf,Ap,1
4697,aAf,ajb,1
4698,aAg,RS,1
4699,aAh,Bk,7
4700,aAj,jS,1
4701,aAj,Cw,7
4702,aAk,fq,7
4703,aAk,mK,7
4704,aAk,DD,1
4705,aAm,aDc,1
4706,aAm,BG,1
4707,aAn,asW,2
4708,aAo,Dp,7
4709,aAp,Ls,7
4710,aAp,pQ,1
4711,aAp,aCZ,1
4712,aAq,agz,1
4713,aAr,aMP,1
4714,aAt,aAS,1
4715,aAt,aCc,1
4716,aAu,aMC,7
4717,aAv,mb,1
4718,aAw,afK,1
4719,aAw,pO,1
4720,aAx,asp,1
4721,aAy,afK,1
4722,aAz,aqr,7
4723,aAz,akS,1
4724,aAA,kk,1
4725,aAB,acO,7
4726,aAD,afI,2
4727,aAE,nQ,1
4728,aAF,aDw,1
4729,aAG,OW,7
4730,aAG,ee,1
4731,aAI,aCA,3
4732,aAI,YD,1
4733,aAJ,axr,7
4734,aAJ,asL,1
4735,aAK,aaz,7
4736,aAL,nY,1
4737,aAM,ajX,7
4738,aAN,mN,1
4739,aAN,aBo,7
4740,aAN,ve,1
4741,aAO,up,1
4742,aAO,axc,1
4743,aAP,RB,1
4744,aAQ,LP,7
4745,aAS,uN,7
4746,aAT,Ru,2
4747,aAV,aNC,7
4748,aAW,Yh,1
4749,aAW,sC,1
4750,aAY,SK,1
4751,aAY,SD,1
4752,aBa,iP,1
4753,aBa,gP,1
4754,aBb,axD,1
4755,aBb,Mj,1
4756,aBd,aNW,1
4757,aBd,asO,7
4758,aBe,la,3
4759,aBe,zc,1
4760,aBe,eU,7
4761,aBf,apz,7
4762,aBg,ST,1
4763,aBh,aeA,1
4764,aBh,aum,7
4765,aBi,KY,7
4766,aBi,ag,1
4767,aBj,zu,1
4768,aBj,AQ,1
4769,aBk,dJ,1
4770,aBk,YM,7
4771,aBl,Ep,1
4772,aBm,MD,1
4773,aBn,aAw,7
4774,aBn,aeO,7
4775,aBo,Kb,7
4776,aBp,Ja,7
4777,aBp,in,7
4778,aBq,rz,7
4779,aBq,zO,7
4780,aBr,zl,7
4781,aBr,ep,1
4782,aBs,Ok,1
4783,aBs,K,1
4784,aBt,gL,7
4785,aBu,ayt,7
4786,aBv,arw,3
4787,aBv,bg,7
4788,aBw,fw,7
4789,aBy,iL,1
4790,aBy,apR,1
4791,aBA,aoU,7
4792,aBB,xP,7
4793,aBB,Os,7
4794,aBD,RV,7
4795,aBF,MW,2
4796,aBL,azy,1
4797,aBM,NJ,1
4798,aBM,asx,1
4799,aBN,vJ,1
4800,aBO,uo,1
4801,aBP,fF,1
4802,aBP,aaD,1
4803,aBS,acn,7
4804,aBU,tv,1
4805,aBV,iV,1
4806,aBY,HI,7
4807,aBZ,KY,1
4808,aBZ,CG,1
4809,aCa,gn,1
4810,aCc,aJE,1
4811,aCc,alY,1
4812,aCc,abq,1
4813,aCd,aqy,7
4814,aCf,Qd,7
4815,aCf,ub,7
4816,aCg,aGV,1
4817,aCj,wV,1
4818,aCj,aJF,1
4819,aCk,JK,7
4820,aCk,Ie,7
4821,aCm,aGI,7
4822,aCn,aqT,7
4823,aCn,aqV,1
4824,aCn,Am,1
4825,aCp,Fe,7
4826,aCr,aFh,1
4827,aCs,xO,1
4828,aCt,aIx,7
4829,aCv,alh,7
4830,aCv,alj,1
4831,aCw,zi,1
4832,aCw,aLo,1
4833,aCx,YY,1
4834,aCx,rF,7
4835,aCy,aMq,1
4836,aCz,apm,7
4837,aCB,asc,7
4838,aCD,fq,1
4839,aCD,QG,2
4840,aCE,yO,1
4841,aCE,HA,7
4842,aCF,axl,1
4843,aCF,apL,1
4844,aCF,apk,1
4845,aCG,mQ,2
4846,aCG,aff,2
4847,aCH,aiY,7
4848,aCI,aym,1
4849,aCJ,YN,1
4850,aCJ,dy,1
4851,aCL,bY,1
4852,aCM,kr,7
4853,aCM,acT,1
4854,aCP,WM,1
4855,aCP,aus,1
4856,aCR,aMS,1
4857,aCR,bT,1
4858,aCU,aIo,1
4859,aCU,aLe,1
4860,aCV,UW,7
4861,aCV,aqd,1
4862,aCW,atC,1
4863,aCY,apQ,7
4864,aCZ,aJp,7
4865,aDa,alE,7
4866,aDb,RJ,1
4867,aDb,VX,2
4868,aDc,cJ,1
4869,aDe,acx,1
4870,aDf,aoC,1
4871,aDf,anN,1
4872,aDf,Fh,7
4873,aDg,yg,1
4874,aDg,aJZ,7
4875,aDh,jS,1
4876,aDh,cl,7
4877,aDh,EZ,1
4878,aDi,Zd,1
4879,aDl,UI,1
4880,aDm,Wc,7
4881,aDm,aMo,7
4882,aDn,anf,7
4883,aDo,cy,1
4884,aDp,aHv,7
4885,aDr,dt,1
4886,aDr,No,1
4887,aDs,aga,1
4888,aDt,asX,7
4889,aDu,ek,1
4890,aDu,uk,1
4891,aDv,dg,1
4892,aDv,arO,1
4893,aDw,apJ,1
4894,aDw,MG,1
4895,aDy,avB,1
4896,aDy,cv,7
4897,aDA,Da,1
4898,aDA,aoJ,1
4899,aDB,ti,1
4900,aDC,pR,7
4901,aDC,SI,1
4902,aDD,ags,1
4903,aDD,aEt,7
4904,aDD,aKW,1
4905,aDF,Ne,7
4906,aDF,Ou,7
4907,aDF,Ys,7
4908,aDG,KF,7
4909,aDG,nF,1
4910,aDI,zE,1
4911,aDI,abi,2
4912,aDJ,wf,1
4913,aDK,aCh,7
4914,aDK,RN,7
4915,aDL,arz,7
4916,aDM,va,1
4917,aDM,yo,1
4918,aDN,Mn,1
4919,aDN,oD,7
4920,aDO,x,1
4921,aDO,Zp,1
4922,aDQ,abu,7
4923,aDQ,eA,1
4924,aDR,wo,1
4925,aDR,aEl,1
4926,aDR,axl,7
4927,aDT,azT,1
4928,aDV,asr,1
4929,aDW,qJ,7
4930,aDW,aKq,7
4931,aEd,Fb,7
4932,aEd,asU,1
4933,aEe,ack,7
4934,aEi,ty,7
4935,aEj,MG,1
4936,aEj,afW,7
4937,aEk,amU,7
4938,aEl,gj,1
4939,aEl,Rs,1
4940,aEm,qx,1
4941,aEm,amt,1
4942,aEn,JE,1
4943,aEp,azX,1
4944,aEq,aDj,1
4945,aEs,mX,1
4946,aEs,Fr,1
4947,aEs,adG,1
4948,aEu,ajR,1
4949,aEv,eg,1
4950,aEv,lg,7
4951,aEv,UF,1
4952,aEx,iI,7
4953,aEx,aex,7
4954,aEy,RR,7
4955,aEz,akA,7
4956,aEA,hn,7
4957,aEB,sf,1
4958,aEB,YW,7
4959,aEB,Zm,7
4960,aEC,NM,7
4961,aEE,amW,7
4962,aEH,aJ,7
4963,aEH,QT,7
4964,aEH,hP,1
4965,aEI,aLv,1
4966,aEL,apE,3
4967,aEM,DY,1
4968,aEM,nI,2
4969,aEN,RL,1
4970,aEN,akh,1
4971,aEO,VG,7
4972,aEO,aLx,7
4973,aER,aEl,1
4974,aES,alf,1
4975,aET,awz,1
4976,aEU,CI,1
4977,aEU,As,1
4978,aEV,Fm,1
4979,aEV,qs,2
4980,aEW,avW,1
4981,aEW,aKX,3
4982,aEW,tN,3
4983,aFc,aBq,1
4984,aFd,YY,3
4985,aFf,mp,3
4986,aFg,oc,1
4987,aFg,SN,1
4988,aFh,aKa,1
4989,aFj,abb,1
4990,aFj,sK,1
4991,aFj,UL,7
4992,aFk,Lx,1
4993,aFl,aHo,1
4994,aFm,cy,1
4995,aFm,rW,1
4996,aFn,avG,1
4997,aFo,BQ,5
4998,aFo,SG,3
4999,aFo,Xp,3
5000,aFp,sV,7
5001,aFq,adY,1
5002,aFq,Cb,1
5003,aFq,kg,2
5004,aFq,aHK,7
5005,aFr,Nj,7
5006,aFr,QF,7
5007,aFr,aLR,7
5008,aFt,Vs,1
5009,aFt,kT,7
5010,aFt,aAw,7
5011,aFu,nV,1
5012,aFu,pH,7
5013,aFw,amW,7
5014,aFx,amT,1
5015,aFx,yl,1
5016,aFy,id,1
5017,aFy,gC,1
5018,aFz,apY,1
5019,aFA,LF,7
5020,aFB,abg,1
5021,aFB,aDK,1
5022,aFC,ail,7
5023,aFC,Dv,7
5024,aFD,aIU,1
5025,aFD,XN,1
5026,aFG,SZ,1
5027,aFH,pD,1
5028,aFI,oW,1
5029,aFI,axU,1
5030,aFJ,aJC,1
5031,aFK,aHX,1
5032,aFK,Ul,7
5033,aFM,GA,7
5034,aFN,adA,1
5035,aFO,EV,1
5036,aFP,ajP,1
5037,aFQ,Xz,1
5038,aFR,ana,1
5039,aFR,OK,1
5040,aFS,ek,1
5041,aFT,aob,7
5042,aFT,Dv,7
5043,aFU,Rg,7
5044,aFW,aMX,1
5045,aFW,aNZ,3
5046,aFX,aOL,1
5047,aFY,oY,1
5048,aFY,LS,7
5049,aFZ,Is,3
5050,aGa,Ez,1
5051,aGa,zp,1
5052,aGa,aou,1
5053,aGb,afJ,1
5054,aGb,aMM,1
5055,aGb,adO,1
5056,aGd,qY,1
5057,aGi,acY,1
5058,aGj,tM,1
5059,aGj,aDc,1
5060,aGj,TB,1
5061,aGk,aaU,1
5062,aGl,NX,1
5063,aGl,abd,1
5064,aGl,agy,1
5065,aGn,Sq,7
5066,aGo,BA,7
5067,aGq,BO,7
5068,aGr,Da,1
5069,aGt,sA,1
5070,aGt,anH,3
5071,aGu,km,7
5072,aGu,rL,1
5073,aGv,Mi,7
5074,aGv,Ex,7
5075,aGx,Td,7
5076,aGy,aqc,1
5077,aGz,aFc,1
5078,aGz,II,1
5079,aGA,xE,1
5080,aGD,amj,1
5081,aGE,ZQ,3
5082,aGE,agh,7
5083,aGE,UE,7
5084,aGF,zH,1
5085,aGF,aBH,1
5086,aGH,Ri,7
5087,aGI,yU,1
5088,aGI,aiW,2
5089,aGI,ay,2
5090,aGJ,aBJ,1
5091,aGK,apd,7
5092,aGL,abJ,7
5093,aGL,Wu,1
5094,aGL,yP,1
5095,aGL,rv,1
5096,aGM,MC,1
5097,aGN,Ly,7
5098,aGN,abM,7
5099,aGO,avp,1
5100,aGO,CV,7
5101,aGQ,aOf,1
5102,aGQ,aGM,1
5103,aGR,asY,1
5104,aGS,dm,1
5105,aGT,mk,7
5106,aGT,oJ,7
5107,aGU,eE,1
5108,aGV,aad,1
5109,aGW,nE,1
5110,aGX,lS,1
5111,aGY,mH,2
5112,aGY,aAw,7
5113,aGY,jH,1
5114,aGZ,avb,1
5115,aGZ,LI,1
5116,aHa,ue,1
5117,aHa,abM,7
5118,aHb,oe,7
5119,aHb,ajp,7
5120,aHc,auY,3
5121,aHc,atc,2
5122,aHf,lw,1
5123,aHf,aAV,1
5124,aHf,ahu,1
5125,aHf,JA,1
5126,aHi,Qt,7
5127,aHj,zw,1
5128,aHk,HR,7
5129,aHk,Lx,1
5130,aHl,pW,7
5131,aHl,oD,1
5132,aHn,CR,7
5133,aHo,lE,1
5134,aHo,aok,1
5135,aHq,SA,7
5136,aHs,fE,1
5137,aHs,amz,1
5138,aHt,aW,7
5139,aHt,pv,1
5140,aHu,jP,1
5141,aHw,awY,1
5142,aHw,aDX,1
5143,aHx,ek,1
5144,aHx,sw,7
5145,aHz,Af,1
5146,aHB,aLo,1
5147,aHB,Fd,7
5148,aHB,ash,2
5149,aHC,anx,7
5150,aHD,PT,1
5151,aHF,NY,1
5152,aHF,LX,7
5153,aHG,MV,7
5154,aHI,acq,1
5155,aHK,xa,1
5156,aHL,HP,7
5157,aHM,kx,1
5158,aHM,aKy,1
5159,aHN,aOI,1
5160,aHN,xr,4
5161,aHN,nR,1
5162,aHO,aDY,1
5163,aHQ,LW,7
5164,aHQ,apY,1
5165,aHR,aJC,1
5166,aHS,aDU,1
5167,aHT,rJ,7
5168,aHT,aDh,1
5169,aHU,My,1
5170,aHU,adY,1
5171,aHU,avp,1
5172,aHW,JV,1
5173,aHW,sC,1
5174,aHX,Rd,7
5175,aHY,MH,7
5176,aHZ,bJ,1
5177,aIa,aaU,1
5178,aIa,VE,1
5179,aIb,aD,1
5180,aIb,Ax,1
5181,aId,Hy,3
5182,aId,QS,1
5183,aId,lF,1
5184,aIe,MO,1
5185,aIe,Qu,7
5186,aIf,aew,3
5187,aIf,vF,1
5188,aIf,zK,1
5189,aIg,SM,1
5190,aIh,Ye,1
5191,aIh,Qy,1
5192,aIh,Vm,1
5193,aIi,tK,1
5194,aIj,arJ,1
5195,aIk,aIP,7
5196,aIm,hx,1
5197,aIm,cF,1
5198,aIm,cQ,1
5199,aIn,F,1
5200,aIn,aOo,2
5201,aIo,dX,1
5202,aIp,uG,7
5203,aIp,At,1
5204,aIr,zt,3
5205,aIs,age,7
5206,aIt,Mc,1
5207,aIt,agq,1
5208,aIu,ayo,7
5209,aIu,nS,1
5210,aIv,Ys,1
5211,aIB,TP,1
5212,aIC,aBG,1
5213,aIC,awV,2
5214,aIC,tF,1
5215,aID,gg,1
5216,aID,SJ,1
5217,aIE,aem,1
5218,aIE,aqu,7
5219,aIF,AA,7
5220,aIF,aJO,1
5221,aIH,Ik,1
5222,aIH,rz,7
5223,aII,nX,1
5224,aIJ,vc,1
5225,aIL,axz,1
5226,aIM,Jv,1
5227,aIM,OP,1
5228,aIN,aht,1
5229,aIN,QR,1
5230,aIO,arP,1
5231,aIO,aKi,7
5232,aIP,arg,7
5233,aIS,qY,1
5234,aIT,lr,1
5235,aIU,kQ,1
5236,aIU,abV,7
5237,aIV,EL,1
5238,aIV,Ji,1
5239,aIX,ts,1
5240,aIX,RT,1
5241,aIY,tk,1
5242,aIZ,uw,7
5243,aIZ,akE,1
5244,aIZ,aCq,7
5245,aJa,ge,1
5246,aJb,aEJ,2
5247,aJb,agz,1
5248,aJc,FU,1
5249,aJf,AS,1
5250,aJj,hC,7
5251,aJj,aap,1
5252,aJk,aEi,1
5253,aJm,Ly,7
5254,aJn,S,7
5255,aJo,ayO,1
5256,aJp,as,1
5257,aJq,aNh,7
5258,aJq,aFg,1
5259,aJr,acV,1
5260,aJr,zc,1
5261,aJr,aLG,1
5262,aJs,afG,1
5263,aJs,fv,1
5264,aJs,XF,1
5265,aJt,akO,1
5266,aJt,aEz,2
5267,aJv,vs,3
5268,aJv,aOm,7
5269,aJw,RZ,7
5270,aJx,aAw,7
5271,aJy,su,1
5272,aJy,xT,1
5273,aJA,adm,1
5274,aJA,abJ,7
5275,aJA,JD,1
5276,aJB,agD,1
5277,aJC,Uj,7
5278,aJC,Cw,7
5279,aJD,aMf,1
5280,aJF,azR,1
5281,aJG,aJF,7
5282,aJH,apI,7
5283,aJI,aEW,7
5284,aJK,aCf,1
5285,aJK,Pv,7
5286,aJL,anb,1
5287,aJL,Xf,7
5288,aJN,akm,1
5289,aJP,aIs,1
5290,aJP,QH,1
5291,aJR,amh,7
5292,aJS,Si,1
5293,aJS,aOi,7
5294,aJT,Ul,7
5295,aJU,ajS,1
5296,aJU,arD,2
5297,aJV,atU,1
5298,aJV,oM,1
5299,aJV,afI,2
5300,aJW,anT,1
5301,aJX,ey,1
5302,aJY,akz,7
5303,aJY,Gf,7
5304,aKa,ba,7
5305,aKe,ao,1
5306,aKe,Uq,1
5307,aKf,GK,1
5308,aKf,DE,7
5309,aKf,aEY,1
5310,aKg,vM,7
5311,aKg,ah,1
5312,aKh,afh,7
5313,aKh,HM,7
5314,aKi,aFk,7
5315,aKi,aqX,1
5316,aKj,Ig,7
5317,aKl,mv,1
5318,aKl,aHK,7
5319,aKm,Ll,2
5320,aKm,Nk,1
5321,aKo,Vs,1
5322,aKo,wE,1
5323,aKp,apV,1
5324,aKp,hO,7
5325,aKq,ayn,1
5326,aKs,aIB,7
5327,aKs,arA,7
5328,aKv,aow,1
5329,aKx,yS,7
5330,aKB,aiJ,1
5331,aKB,ck,1
5332,aKC,lG,7
5333,aKD,Ud,2
5334,aKD,adX,3
5335,aKF,agT,1
5336,aKH,apP,3
5337,aKI,Xa,1
5338,aKI,aGp,3
5339,aKJ,amW,7
5340,aKL,aqL,7
5341,aKM,aGs,1
5342,aKM,anp,7
5343,aKM,oD,1
5344,aKN,Wx,7
5345,aKP,hO,7
5346,aKP,Gt,1
5347,aKQ,GQ,1
5348,aKQ,avI,1
5349,aKS,axe,2
5350,aKS,sy,1
5351,aKU,azv,1
5352,aKV,aHj,1
5353,aKZ,ahp,1
5354,aLa,gM,1
5355,aLb,mn,7
5356,aLb,Tc,1
5357,aLb,FX,1
5358,aLc,Ti,7
5359,aLc,fT,2
5360,aLc,aqB,1
5361,aLc,yr,3
5362,aLd,aeD,1
5363,aLe,kv,7
5364,aLf,EE,1
5365,aLg,aoq,1
5366,aLg,acC,7
5367,aLh,vM,7
5368,aLi,PG,7
5369,aLi,i,7
5370,aLj,mD,1
5371,aLj,aIx,7
5372,aLk,aoi,1
5373,aLl,aJp,7
5374,aLm,Qy,1
5375,aLn,amf,1
5376,aLp,ti,1
5377,aLp,aEH,1
5378,aLq,aFL,1
5379,aLr,MR,1
5380,aLt,yc,7
5381,aLv,aIh,7
5382,aLw,Il,7
5383,aLw,uz,7
5384,aLx,ani,7
5385,aLz,FP,2
5386,aLz,aAP,1
5387,aLB,aJp,7
5388,aLF,aMo,7
5389,aLG,lO,7
5390,aLI,Nk,1
5391,aLI,ge,1
5392,aLJ,uc,2
5393,aLK,ayR,1
5394,aLL,LC,1
5395,aLO,mR,7
5396,aLO,PG,1
5397,aLP,NT,1
5398,aLQ,AV,1
5399,aLR,If,1
5400,aLR,aqD,1
5401,aLR,vZ,1
5402,aLS,hG,7
5403,aLT,be,1
5404,aLT,gD,1
5405,aLU,azO,1
5406,aLV,Io,1
5407,aLW,asV,1
5408,aLX,ZQ,1
5409,aLY,awn,1
5410,aMa,FX,1
5411,aMb,NS,1
5412,aMc,hi,7
5413,aMd,tF,1
5414,aMf,acc,2
5415,aMh,Jn,2
5416,aMh,eo,1
5417,aMj,aNk,1
5418,aMk,ce,7
5419,aMl,oH,1
5420,aMl,xd,1
5421,aMl,aDw,1
5422,aMn,Yz,1
5423,aMn,aae,7
5424,aMn,avM,1
5425,aMo,aCm,1
5426,aMo,aGh,3
5427,aMo,asS,1
5428,aMp,tR,1
5429,aMq,pu,1
5430,aMq,Od,1
5431,aMr,ht,7
5432,aMs,aEH,3
5433,aMu,YG,1
5434,aMv,BX,1
5435,aMw,PX,7
5436,aMy,aLL,2
5437,aMy,amq,1
5438,aMz,Kd,7
5439,aMA,TQ,7
5440,aMA,aHL,7
5441,aMA,aBj,7
5442,aMC,Bo,1
5443,aMD,fG,7
5444,aME,Lh,1
5445,aMF,zx,1
5446,aMF,axg,2
5447,aMG,Hk,1
5448,aMH,aGE,7
5449,aMI,aHn,1
5450,aMI,Xp,2
5451,aMJ,Qc,2
5452,aMM,rV,7
5453,aMO,aW,7
5454,aMO,aqT,7
5455,aMQ,qX,1
5456,aMQ,aqv,7
5457,aMR,aes,1
5458,aMS,QY,7
5459,aMU,Us,1
5460,aMV,dF,7
5461,aMV,GN,1
5462,aMX,mw,1
5463,aMX,Jl,1
5464,aMZ,alD,7
5465,aNb,abw,7
5466,aNd,aHp,7
5467,aNd,rU,1
5468,aNd,QQ,7
5469,aNe,ym,7
5470,aNe,axA,7
5471,aNf,qF,7
5472,aNi,JS,7
5473,aNl,aFl,1
5474,aNm,Cv,1
5475,aNo,UW,7
5476,aNp,auD,1
5477,aNq,sn,7
5478,aNq,aoT,1
5479,aNr,aOr,1
5480,aNu,Cl,1
5481,aNu,dZ,7
5482,aNx,VA,7
5483,aNz,DB,1
5484,aNz,adh,1
5485,aNA,aIQ,2
5486,aNA,aDH,1
5487,aNC,aED,1
5488,aNE,amI,1
5489,aNE,fQ,1
5490,aNE,JV,3
5491,aNF,axI,7
5492,aNG,rB,1
5493,aNG,CE,1
5494,aNI,aGb,7
5495,aNL,AO,1
5496,aNM,Vm,1
5497,aNM,azz,1
5498,aNM,aFa,2
5499,aNO,KM,1
5500,aNQ,aFi,1
5501,aNQ,ga,7
5502,aNS,acO,7
5503,aNT,aqy,1
5504,aNU,qM,7
5505,aNU,amg,7
5506,aNV,up,1
5507,aNV,AU,1
5508,aNW,bi,7
5509,aNW,wn,7
5510,aNX,Fp,1
5511,aNX,eD,1
5512,aNY,KM,1
5513,aNZ,aKt,1
5514,aNZ,LX,7
5515,aOb,ayJ,1
5516,aOb,Xo,1
5517,aOb,Lw,1
5518,aOe,Aw,1
5519,aOe,amU,7
5520,aOg,arq,7
5521,aOi,ry,1
5522,aOi,De,1
5523,aOj,Zn,7
5524,aOk,aD,1
5525,aOn,aHt,2
5526,aOn,aNj,1
5527,aOo,auN,7
5528,aOp,art,1
5529,aOq,ayG,1
5530,aOq,gL,7
5531,aOr,In,7
5532,aOs,QY,7
5533,aOt,adM,7
5534,aOt,To,1
5535,aOv,Tb,1
5536,aOw,Rn,7
5537,aOw,OG,1
5538,aOx,gi,1
5539,aOx,aet,1
5540,aOy,cq,1
5541,aOB,LI,7
5542,aOC,aHp,7
5543,aOC,axy,1
5544,aOD,XI,1
5545,aOE,O,7
5546,aOG,aBg,7
5547,aOI,aAc,1
5548,aOJ,iB,7
5549,aOJ,ac,1
5550,aOL,ato,1
5551,aOL,rN,7
5552,aOL,cO,1
5553,aOM,LH,7
5554,aOM,IL,7
5555,aOM,ER,1
5556,aON,abk,1
5557,aOO,cM,1
5558,aOP,aMb,1
5559,aOQ,aoy,1
5560,aOQ,pO,1
